INSERT INTO `jysystem`.`JY_BASE_ACCOUNT` (`id`, `loginName`, `password`, `salt`, `roleId`, `picUrl`, `name`, `email`, `skin`, `isValid`, `createTime`, `updateTime`, `description`)
VALUES
  ('03f31cbaed274d6daa2593cac006b0ab', 'test888', '3+8ICihYXEOJPNtsgJ3NUw==', '466e81f22a124eee7303f07cf01c09fc', '1',
                                       NULL, 'test888', '', 'skin-0', '1', '2016-01-23 13:47:54', NULL, 'u0jKRZ');
INSERT INTO `jysystem`.`JY_BASE_ACCOUNT` (`id`, `loginName`, `password`, `salt`, `roleId`, `picUrl`, `name`, `email`, `skin`, `isValid`, `createTime`, `updateTime`, `description`)
VALUES ('097756af9fb440d795ec9c300b3d56f1', 'test', '8eVbNrByWysQP6y+wXHdkg==', '38d61ac8eac545dde7c3736e86a3cec2', '3',
                                            '/whale/static/images/system/user/hpic1.jpg', '开发员工', '', 'skin-2', '1',
                                            '2015-12-13 23:33:45', '2016-01-26 21:46:11', '');
INSERT INTO `jysystem`.`JY_BASE_ACCOUNT` (`id`, `loginName`, `password`, `salt`, `roleId`, `picUrl`, `name`, `email`, `skin`, `isValid`, `createTime`, `updateTime`, `description`)
VALUES
  ('0f2de395371c4090b9707c99edcf7a77', 'test333', 'QafyDcbEIlNUHln6ykJ7kw==', '86e0032373f8e049f18f38538767ccf8', '3',
                                       NULL, '测试333', '', 'skin-0', '1', '2016-01-23 00:58:53', NULL, '649y1a');
INSERT INTO `jysystem`.`JY_BASE_ACCOUNT` (`id`, `loginName`, `password`, `salt`, `roleId`, `picUrl`, `name`, `email`, `skin`, `isValid`, `createTime`, `updateTime`, `description`)
VALUES ('1', 'sa', 'D5r6e+Ss9h/qEyRYjicXMA==', '139b27063725fab02cfaf3d3156af9df', '4',
             '/whale/static/images/system/user/hpic1.jpg', 'Joker', 'xx@163.com', 'skin-3', '1', '2015-10-13 11:23:32',
        '2015-12-14 00:03:59', '');
INSERT INTO `jysystem`.`JY_BASE_ACCOUNT` (`id`, `loginName`, `password`, `salt`, `roleId`, `picUrl`, `name`, `email`, `skin`, `isValid`, `createTime`, `updateTime`, `description`)
VALUES
  ('1ba24934e4e34e529f94c3454d7567f6', 'test999', 'AyTCmd+sUjLLj9wF/W+Awg==', '329eed36d3328ef47ef30c105c64aec3', '1',
                                       NULL, 'test999', '', 'skin-0', '1', '2016-01-23 13:47:41', NULL, 'P9pY88');
INSERT INTO `jysystem`.`JY_BASE_ACCOUNT` (`id`, `loginName`, `password`, `salt`, `roleId`, `picUrl`, `name`, `email`, `skin`, `isValid`, `createTime`, `updateTime`, `description`)
VALUES ('2', 'admin', 'M4t/qU4O3ICaaEOsjmDmTg==', '43270453df7ca64d3303ec4d835b15b8', '4', NULL, '京缘员工', 'xx@163.com',
             'skin-0', '1', NULL, '2016-02-11 23:12:59', '');
INSERT INTO `jysystem`.`JY_BASE_ACCOUNT` (`id`, `loginName`, `password`, `salt`, `roleId`, `picUrl`, `name`, `email`, `skin`, `isValid`, `createTime`, `updateTime`, `description`)
VALUES
  ('25c44e88142a444cbb346edbef92a8a3', 'test8989', 'eQWlL8cSojmdiPYCjn1Bsg==', '29edb5dcc66c11cb3a43ea880595e716', '1',
                                       NULL, 'test8989', '', 'skin-0', '1', '2016-01-23 13:48:11', NULL, '791tiZ');
INSERT INTO `jysystem`.`JY_BASE_ACCOUNT` (`id`, `loginName`, `password`, `salt`, `roleId`, `picUrl`, `name`, `email`, `skin`, `isValid`, `createTime`, `updateTime`, `description`)
VALUES
  ('2d07769111564efc8aca9513ea41d186', 'test444', 'BCchylw4pki06w+YtusObA==', '8a6acd918ec1ca22b5454ca6580f2826', '1',
                                       NULL, 'test444', '', 'skin-0', '1', '2016-01-23 01:00:07', NULL, 'Sl81bf');
INSERT INTO `jysystem`.`JY_BASE_ACCOUNT` (`id`, `loginName`, `password`, `salt`, `roleId`, `picUrl`, `name`, `email`, `skin`, `isValid`, `createTime`, `updateTime`, `description`)
VALUES
  ('2ddb4c0be3ea4ce2a886af6367c0dfc4', 'test345', 'uztM+JwID0DlkUzoonRWFw==', '3365876813ac02e06e73f7a11089ab62', '1',
                                       NULL, '测试345', '', 'skin-0', '1', '2016-01-23 00:58:32', NULL, 'kf3C58');
INSERT INTO `jysystem`.`JY_BASE_ACCOUNT` (`id`, `loginName`, `password`, `salt`, `roleId`, `picUrl`, `name`, `email`, `skin`, `isValid`, `createTime`, `updateTime`, `description`)
VALUES
  ('3adfaf746a564821bdaf3deaea41d8d2', 'test898922', '6zilnCDAVdcW4qLfCifm4A==', 'e85dc8c3d0f88092709df81ce90a0385',
                                       '2', NULL, 'test898922', '', 'skin-0', '1', '2016-01-23 13:48:22', NULL,
   '3S1lx3');
INSERT INTO `jysystem`.`JY_BASE_ACCOUNT` (`id`, `loginName`, `password`, `salt`, `roleId`, `picUrl`, `name`, `email`, `skin`, `isValid`, `createTime`, `updateTime`, `description`)
VALUES
  ('55bab558162240abb78fa361a6cd4cc8', 'test555', '3+I9smJD854BQi0LVjGhGQ==', 'f517b3f269b13f91ee67f056b35c1ba6', '1',
                                       NULL, 'test444', '', 'skin-0', '1', '2016-01-23 01:00:16', NULL, '70Ob58');
INSERT INTO `jysystem`.`JY_BASE_ACCOUNT` (`id`, `loginName`, `password`, `salt`, `roleId`, `picUrl`, `name`, `email`, `skin`, `isValid`, `createTime`, `updateTime`, `description`)
VALUES ('628c5aeb288742888d3df93581d45414', 'hr', 'oBfaaJyXLn9zCeAy9GqFqA==', 'e50af4b925c31c7a2e90b03e685a3bd3',
                                            '20bd50a12fdf4290ba719c72bfc91849', NULL, '人事经理', '', 'skin-0', '1',
                                            '2016-02-27 19:11:50', NULL, '5228SG');
INSERT INTO `jysystem`.`JY_BASE_ACCOUNT` (`id`, `loginName`, `password`, `salt`, `roleId`, `picUrl`, `name`, `email`, `skin`, `isValid`, `createTime`, `updateTime`, `description`)
VALUES
  ('7bfbb0ef40ff489ca97ae0db016bb87d', 'test666', 'MLxRk2zkHORCtiYIe4Bufg==', '6e921f3dc33c9dbc25bbb830dd1a5761', '1',
                                       NULL, 'test666', '', 'skin-0', '1', '2016-01-23 01:00:25', NULL, '293L3A');
INSERT INTO `jysystem`.`JY_BASE_ACCOUNT` (`id`, `loginName`, `password`, `salt`, `roleId`, `picUrl`, `name`, `email`, `skin`, `isValid`, `createTime`, `updateTime`, `description`)
VALUES
  ('d31cbf0f1a8944adb4dce7fbd830d625', 'test777', 'xRym0avVKAX558tbKQJ4eQ==', '2a976e519fc1472d04ab4549b302a756', '1',
                                       NULL, 'test777', '', 'skin-0', '1', '2016-01-23 01:00:39', NULL, '4qM50y');
INSERT INTO `jysystem`.`JY_BASE_ACCOUNT` (`id`, `loginName`, `password`, `salt`, `roleId`, `picUrl`, `name`, `email`, `skin`, `isValid`, `createTime`, `updateTime`, `description`)
VALUES
  ('d5eec8e2641846f48cdb990c6a866266', 'test89892222', '6HKHX5splck9iOHlvWMH1g==', '6d0c75ddd1faf7830bfa049af742ff52',
                                       '2', NULL, 'test89892222', '', 'skin-0', '1', '2016-01-23 13:48:33',
   '2016-01-30 17:21:52', '20355f');

INSERT INTO `jysystem`.`JY_BASE_ACCOUNT_POSITION` (`accountId`, `posId`)
VALUES ('097756af9fb440d795ec9c300b3d56f1', 'c63d54663fcc4e27a10e1e6f17772df8');
INSERT INTO `jysystem`.`JY_BASE_ACCOUNT_POSITION` (`accountId`, `posId`)
VALUES ('1', 'c63d54663fcc4e27a10e1e6f17772df8');
INSERT INTO `jysystem`.`JY_BASE_ACCOUNT_POSITION` (`accountId`, `posId`)
VALUES ('1', 'f6db550f89824d6bb0009fc04af3f25b');
INSERT INTO `jysystem`.`JY_BASE_ACCOUNT_POSITION` (`accountId`, `posId`)
VALUES ('2', 'c63d54663fcc4e27a10e1e6f17772df8');
INSERT INTO `jysystem`.`JY_BASE_ACCOUNT_POSITION` (`accountId`, `posId`)
VALUES ('2', 'f6db550f89824d6bb0009fc04af3f25b');
INSERT INTO `jysystem`.`JY_BASE_ACCOUNT_POSITION` (`accountId`, `posId`)
VALUES ('628c5aeb288742888d3df93581d45414', 'b2da690b91b64408aba7fb820b1bf9cf');

INSERT INTO `jysystem`.`JY_BASE_ORG` (`id`, `pId`, `name`, `isValid`, `description`, `createTime`, `updateTime`)
VALUES ('1', '0', '京缘网络', '1', NULL, '2015-12-09 23:01:36', NULL);
INSERT INTO `jysystem`.`JY_BASE_ORG` (`id`, `pId`, `name`, `isValid`, `description`, `createTime`, `updateTime`)
VALUES ('10', '0', '合作伙伴', '1', '', '2015-12-09 23:22:29', '2015-12-10 14:44:48');
INSERT INTO `jysystem`.`JY_BASE_ORG` (`id`, `pId`, `name`, `isValid`, `description`, `createTime`, `updateTime`)
VALUES ('11', '10', 'E酷快递', '1', NULL, '2015-12-09 23:24:45', NULL);
INSERT INTO `jysystem`.`JY_BASE_ORG` (`id`, `pId`, `name`, `isValid`, `description`, `createTime`, `updateTime`)
VALUES ('12', '10', '嗨淘商城', '1', NULL, '2015-12-09 23:25:29', NULL);
INSERT INTO `jysystem`.`JY_BASE_ORG` (`id`, `pId`, `name`, `isValid`, `description`, `createTime`, `updateTime`)
VALUES ('13', '10', '第一金融', '1', NULL, '2015-12-09 23:27:41', NULL);
INSERT INTO `jysystem`.`JY_BASE_ORG` (`id`, `pId`, `name`, `isValid`, `description`, `createTime`, `updateTime`)
VALUES ('2', '1', '设计部', '1', NULL, '2015-12-09 23:22:09', NULL);
INSERT INTO `jysystem`.`JY_BASE_ORG` (`id`, `pId`, `name`, `isValid`, `description`, `createTime`, `updateTime`)
VALUES ('3', '1', '商务部', '1', NULL, '2015-12-09 23:26:36', NULL);
INSERT INTO `jysystem`.`JY_BASE_ORG` (`id`, `pId`, `name`, `isValid`, `description`, `createTime`, `updateTime`)
VALUES ('4', '1', '开发部', '1', NULL, '2015-12-09 23:20:59', NULL);
INSERT INTO `jysystem`.`JY_BASE_ORG` (`id`, `pId`, `name`, `isValid`, `description`, `createTime`, `updateTime`)
VALUES ('8f080b6180564157aa173cc26e44d1dd', '1', '人事部', '1', '', '2016-02-27 19:09:49', NULL);

INSERT INTO `jysystem`.`JY_BASE_ORG_RESOURCES` (`org_Id`, `resources_id`) VALUES ('10', '1');
INSERT INTO `jysystem`.`JY_BASE_ORG_RESOURCES` (`org_Id`, `resources_id`) VALUES ('10', '2');
INSERT INTO `jysystem`.`JY_BASE_ORG_RESOURCES` (`org_Id`, `resources_id`)
VALUES ('10', 'ae8fea67b8434987b718c51fe83bb45d');
INSERT INTO `jysystem`.`JY_BASE_ORG_RESOURCES` (`org_Id`, `resources_id`)
VALUES ('10', '1e2cd5e710224cf0ba09bbe5d4ee0009');
INSERT INTO `jysystem`.`JY_BASE_ORG_RESOURCES` (`org_Id`, `resources_id`)
VALUES ('10', 'fa04b6fe03944f2a9c040dbc9071af9b');
INSERT INTO `jysystem`.`JY_BASE_ORG_RESOURCES` (`org_Id`, `resources_id`)
VALUES ('10', '83984d22f9da4991833f506695307b6f');
INSERT INTO `jysystem`.`JY_BASE_ORG_RESOURCES` (`org_Id`, `resources_id`)
VALUES ('10', '89ff6bdf54ca4501a264adba8eb0ee39');
INSERT INTO `jysystem`.`JY_BASE_ORG_RESOURCES` (`org_Id`, `resources_id`)
VALUES ('10', '15a7d1cec70c47bdbfd41c7f9c694481');
INSERT INTO `jysystem`.`JY_BASE_ORG_RESOURCES` (`org_Id`, `resources_id`) VALUES ('10', '3');
INSERT INTO `jysystem`.`JY_BASE_ORG_RESOURCES` (`org_Id`, `resources_id`)
VALUES ('10', '4c97ca25b7e940948b3d403c3b091c81');
INSERT INTO `jysystem`.`JY_BASE_ORG_RESOURCES` (`org_Id`, `resources_id`)
VALUES ('10', 'd22f22f0bc9a4ad2a6464cca6497a7b4');
INSERT INTO `jysystem`.`JY_BASE_ORG_RESOURCES` (`org_Id`, `resources_id`)
VALUES ('10', '51aa6b0b037340b9ae88d22d2a354acf');
INSERT INTO `jysystem`.`JY_BASE_ORG_RESOURCES` (`org_Id`, `resources_id`)
VALUES ('10', '4ee50d1722a34edeb6c15bdbf29e556b');
INSERT INTO `jysystem`.`JY_BASE_ORG_RESOURCES` (`org_Id`, `resources_id`)
VALUES ('10', '42a2938acb5e4a26b5ec2cc6089b7c2e');
INSERT INTO `jysystem`.`JY_BASE_ORG_RESOURCES` (`org_Id`, `resources_id`)
VALUES ('10', '5ba75d14f5b74572bd5ff35d12c58060');
INSERT INTO `jysystem`.`JY_BASE_ORG_RESOURCES` (`org_Id`, `resources_id`) VALUES ('10', '4');
INSERT INTO `jysystem`.`JY_BASE_ORG_RESOURCES` (`org_Id`, `resources_id`) VALUES ('10', '41');
INSERT INTO `jysystem`.`JY_BASE_ORG_RESOURCES` (`org_Id`, `resources_id`)
VALUES ('10', '161848b9e16e410e9d3fac6f9c91cad5');
INSERT INTO `jysystem`.`JY_BASE_ORG_RESOURCES` (`org_Id`, `resources_id`)
VALUES ('10', '28d4a82889c341bdaceab323b9549245');
INSERT INTO `jysystem`.`JY_BASE_ORG_RESOURCES` (`org_Id`, `resources_id`)
VALUES ('10', '3f184c74379c4b668030ba9e55c9caa3');
INSERT INTO `jysystem`.`JY_BASE_ORG_RESOURCES` (`org_Id`, `resources_id`)
VALUES ('10', '6d44f1553c424e5c81bd3ed9a4e162f3');
INSERT INTO `jysystem`.`JY_BASE_ORG_RESOURCES` (`org_Id`, `resources_id`)
VALUES ('10', '08693c30017e4e45acff89d300067269');
INSERT INTO `jysystem`.`JY_BASE_ORG_RESOURCES` (`org_Id`, `resources_id`)
VALUES ('10', '79a76d451f3948f4963b97b6d5bbbf3c');
INSERT INTO `jysystem`.`JY_BASE_ORG_RESOURCES` (`org_Id`, `resources_id`) VALUES ('10', '13');
INSERT INTO `jysystem`.`JY_BASE_ORG_RESOURCES` (`org_Id`, `resources_id`) VALUES ('10', '10');
INSERT INTO `jysystem`.`JY_BASE_ORG_RESOURCES` (`org_Id`, `resources_id`)
VALUES ('10', '9575841c8b6a4c58b10e97d82320fd02');
INSERT INTO `jysystem`.`JY_BASE_ORG_RESOURCES` (`org_Id`, `resources_id`)
VALUES ('10', 'dde1c043e77d48b4ac2f15806a0aec14');
INSERT INTO `jysystem`.`JY_BASE_ORG_RESOURCES` (`org_Id`, `resources_id`)
VALUES ('10', 'cd7ef89bf12f4ceb98861cf2bcbc96b1');
INSERT INTO `jysystem`.`JY_BASE_ORG_RESOURCES` (`org_Id`, `resources_id`)
VALUES ('10', '78b1bf1c0723433099c458e75a8c6901');
INSERT INTO `jysystem`.`JY_BASE_ORG_RESOURCES` (`org_Id`, `resources_id`)
VALUES ('10', '75288771d60d4510affe8cb97f42897f');
INSERT INTO `jysystem`.`JY_BASE_ORG_RESOURCES` (`org_Id`, `resources_id`) VALUES ('10', '14');
INSERT INTO `jysystem`.`JY_BASE_ORG_RESOURCES` (`org_Id`, `resources_id`)
VALUES ('10', '34507436438c4c7eb9803fa160c2af3c');
INSERT INTO `jysystem`.`JY_BASE_ORG_RESOURCES` (`org_Id`, `resources_id`)
VALUES ('10', 'dbb1d5db4d7b419db1d221b102a7ad51');
INSERT INTO `jysystem`.`JY_BASE_ORG_RESOURCES` (`org_Id`, `resources_id`)
VALUES ('10', 'e9480dd6590a4e14a443ee8f76873fd3');
INSERT INTO `jysystem`.`JY_BASE_ORG_RESOURCES` (`org_Id`, `resources_id`)
VALUES ('10', '6ea62cf0820248a6a2780a885b82a99d');
INSERT INTO `jysystem`.`JY_BASE_ORG_RESOURCES` (`org_Id`, `resources_id`)
VALUES ('10', '21feb456e503484280232730687149f2');
INSERT INTO `jysystem`.`JY_BASE_ORG_RESOURCES` (`org_Id`, `resources_id`) VALUES ('11', '1');
INSERT INTO `jysystem`.`JY_BASE_ORG_RESOURCES` (`org_Id`, `resources_id`) VALUES ('11', '2');
INSERT INTO `jysystem`.`JY_BASE_ORG_RESOURCES` (`org_Id`, `resources_id`)
VALUES ('11', 'ae8fea67b8434987b718c51fe83bb45d');
INSERT INTO `jysystem`.`JY_BASE_ORG_RESOURCES` (`org_Id`, `resources_id`)
VALUES ('11', '1e2cd5e710224cf0ba09bbe5d4ee0009');
INSERT INTO `jysystem`.`JY_BASE_ORG_RESOURCES` (`org_Id`, `resources_id`)
VALUES ('11', 'fa04b6fe03944f2a9c040dbc9071af9b');
INSERT INTO `jysystem`.`JY_BASE_ORG_RESOURCES` (`org_Id`, `resources_id`)
VALUES ('11', '83984d22f9da4991833f506695307b6f');
INSERT INTO `jysystem`.`JY_BASE_ORG_RESOURCES` (`org_Id`, `resources_id`)
VALUES ('11', '89ff6bdf54ca4501a264adba8eb0ee39');
INSERT INTO `jysystem`.`JY_BASE_ORG_RESOURCES` (`org_Id`, `resources_id`)
VALUES ('11', '15a7d1cec70c47bdbfd41c7f9c694481');
INSERT INTO `jysystem`.`JY_BASE_ORG_RESOURCES` (`org_Id`, `resources_id`) VALUES ('11', '3');
INSERT INTO `jysystem`.`JY_BASE_ORG_RESOURCES` (`org_Id`, `resources_id`)
VALUES ('11', '4c97ca25b7e940948b3d403c3b091c81');
INSERT INTO `jysystem`.`JY_BASE_ORG_RESOURCES` (`org_Id`, `resources_id`)
VALUES ('11', 'd22f22f0bc9a4ad2a6464cca6497a7b4');
INSERT INTO `jysystem`.`JY_BASE_ORG_RESOURCES` (`org_Id`, `resources_id`)
VALUES ('11', '51aa6b0b037340b9ae88d22d2a354acf');
INSERT INTO `jysystem`.`JY_BASE_ORG_RESOURCES` (`org_Id`, `resources_id`)
VALUES ('11', '4ee50d1722a34edeb6c15bdbf29e556b');
INSERT INTO `jysystem`.`JY_BASE_ORG_RESOURCES` (`org_Id`, `resources_id`)
VALUES ('11', '42a2938acb5e4a26b5ec2cc6089b7c2e');
INSERT INTO `jysystem`.`JY_BASE_ORG_RESOURCES` (`org_Id`, `resources_id`)
VALUES ('11', '5ba75d14f5b74572bd5ff35d12c58060');
INSERT INTO `jysystem`.`JY_BASE_ORG_RESOURCES` (`org_Id`, `resources_id`) VALUES ('11', '4');
INSERT INTO `jysystem`.`JY_BASE_ORG_RESOURCES` (`org_Id`, `resources_id`) VALUES ('11', '41');
INSERT INTO `jysystem`.`JY_BASE_ORG_RESOURCES` (`org_Id`, `resources_id`)
VALUES ('11', '161848b9e16e410e9d3fac6f9c91cad5');
INSERT INTO `jysystem`.`JY_BASE_ORG_RESOURCES` (`org_Id`, `resources_id`)
VALUES ('11', '28d4a82889c341bdaceab323b9549245');
INSERT INTO `jysystem`.`JY_BASE_ORG_RESOURCES` (`org_Id`, `resources_id`)
VALUES ('11', '3f184c74379c4b668030ba9e55c9caa3');
INSERT INTO `jysystem`.`JY_BASE_ORG_RESOURCES` (`org_Id`, `resources_id`)
VALUES ('11', '6d44f1553c424e5c81bd3ed9a4e162f3');
INSERT INTO `jysystem`.`JY_BASE_ORG_RESOURCES` (`org_Id`, `resources_id`)
VALUES ('11', '08693c30017e4e45acff89d300067269');
INSERT INTO `jysystem`.`JY_BASE_ORG_RESOURCES` (`org_Id`, `resources_id`)
VALUES ('11', '79a76d451f3948f4963b97b6d5bbbf3c');
INSERT INTO `jysystem`.`JY_BASE_ORG_RESOURCES` (`org_Id`, `resources_id`)
VALUES ('2', '08693c30017e4e45acff89d300067269');
INSERT INTO `jysystem`.`JY_BASE_ORG_RESOURCES` (`org_Id`, `resources_id`)
VALUES ('2', '79a76d451f3948f4963b97b6d5bbbf3c');
INSERT INTO `jysystem`.`JY_BASE_ORG_RESOURCES` (`org_Id`, `resources_id`)
VALUES ('2', '25a4bc9c184a4d6c904ce7a3ccb26aae');
INSERT INTO `jysystem`.`JY_BASE_ORG_RESOURCES` (`org_Id`, `resources_id`)
VALUES ('2', 'b7d11fca02b04742814eb664454d7473');
INSERT INTO `jysystem`.`JY_BASE_ORG_RESOURCES` (`org_Id`, `resources_id`)
VALUES ('2', '51424721ec1c4574b2f2a7bc1833c17f');
INSERT INTO `jysystem`.`JY_BASE_ORG_RESOURCES` (`org_Id`, `resources_id`)
VALUES ('2', '7b30d8d43df347ada558df820bbec28b');
INSERT INTO `jysystem`.`JY_BASE_ORG_RESOURCES` (`org_Id`, `resources_id`)
VALUES ('2', '5d1b45e9b6a84bccb212758ce8f2e906');
INSERT INTO `jysystem`.`JY_BASE_ORG_RESOURCES` (`org_Id`, `resources_id`)
VALUES ('2', '273e05eb764f48c18f832520e7ce141e');
INSERT INTO `jysystem`.`JY_BASE_ORG_RESOURCES` (`org_Id`, `resources_id`)
VALUES ('2', '0576a0a5825a4c1eafb0fb88369e77f6');
INSERT INTO `jysystem`.`JY_BASE_ORG_RESOURCES` (`org_Id`, `resources_id`)
VALUES ('2', '40a146e3febf4cafb930a077f1f048d3');
INSERT INTO `jysystem`.`JY_BASE_ORG_RESOURCES` (`org_Id`, `resources_id`) VALUES ('1', '11');
INSERT INTO `jysystem`.`JY_BASE_ORG_RESOURCES` (`org_Id`, `resources_id`) VALUES ('1', '1');
INSERT INTO `jysystem`.`JY_BASE_ORG_RESOURCES` (`org_Id`, `resources_id`) VALUES ('1', '2');
INSERT INTO `jysystem`.`JY_BASE_ORG_RESOURCES` (`org_Id`, `resources_id`)
VALUES ('1', 'ae8fea67b8434987b718c51fe83bb45d');
INSERT INTO `jysystem`.`JY_BASE_ORG_RESOURCES` (`org_Id`, `resources_id`)
VALUES ('1', '1e2cd5e710224cf0ba09bbe5d4ee0009');
INSERT INTO `jysystem`.`JY_BASE_ORG_RESOURCES` (`org_Id`, `resources_id`)
VALUES ('1', 'fa04b6fe03944f2a9c040dbc9071af9b');
INSERT INTO `jysystem`.`JY_BASE_ORG_RESOURCES` (`org_Id`, `resources_id`)
VALUES ('1', '83984d22f9da4991833f506695307b6f');
INSERT INTO `jysystem`.`JY_BASE_ORG_RESOURCES` (`org_Id`, `resources_id`)
VALUES ('1', '89ff6bdf54ca4501a264adba8eb0ee39');
INSERT INTO `jysystem`.`JY_BASE_ORG_RESOURCES` (`org_Id`, `resources_id`)
VALUES ('1', '15a7d1cec70c47bdbfd41c7f9c694481');
INSERT INTO `jysystem`.`JY_BASE_ORG_RESOURCES` (`org_Id`, `resources_id`) VALUES ('1', '3');
INSERT INTO `jysystem`.`JY_BASE_ORG_RESOURCES` (`org_Id`, `resources_id`)
VALUES ('1', '4c97ca25b7e940948b3d403c3b091c81');
INSERT INTO `jysystem`.`JY_BASE_ORG_RESOURCES` (`org_Id`, `resources_id`)
VALUES ('1', 'd22f22f0bc9a4ad2a6464cca6497a7b4');
INSERT INTO `jysystem`.`JY_BASE_ORG_RESOURCES` (`org_Id`, `resources_id`)
VALUES ('1', '51aa6b0b037340b9ae88d22d2a354acf');
INSERT INTO `jysystem`.`JY_BASE_ORG_RESOURCES` (`org_Id`, `resources_id`)
VALUES ('1', '4ee50d1722a34edeb6c15bdbf29e556b');
INSERT INTO `jysystem`.`JY_BASE_ORG_RESOURCES` (`org_Id`, `resources_id`)
VALUES ('1', '42a2938acb5e4a26b5ec2cc6089b7c2e');
INSERT INTO `jysystem`.`JY_BASE_ORG_RESOURCES` (`org_Id`, `resources_id`)
VALUES ('1', '5ba75d14f5b74572bd5ff35d12c58060');
INSERT INTO `jysystem`.`JY_BASE_ORG_RESOURCES` (`org_Id`, `resources_id`)
VALUES ('1', 'c73d630ab1004b5a9b71836e8b000de9');
INSERT INTO `jysystem`.`JY_BASE_ORG_RESOURCES` (`org_Id`, `resources_id`) VALUES ('1', '4');
INSERT INTO `jysystem`.`JY_BASE_ORG_RESOURCES` (`org_Id`, `resources_id`) VALUES ('1', '41');
INSERT INTO `jysystem`.`JY_BASE_ORG_RESOURCES` (`org_Id`, `resources_id`)
VALUES ('1', '161848b9e16e410e9d3fac6f9c91cad5');
INSERT INTO `jysystem`.`JY_BASE_ORG_RESOURCES` (`org_Id`, `resources_id`)
VALUES ('1', '28d4a82889c341bdaceab323b9549245');
INSERT INTO `jysystem`.`JY_BASE_ORG_RESOURCES` (`org_Id`, `resources_id`)
VALUES ('1', '3f184c74379c4b668030ba9e55c9caa3');
INSERT INTO `jysystem`.`JY_BASE_ORG_RESOURCES` (`org_Id`, `resources_id`)
VALUES ('1', '6d44f1553c424e5c81bd3ed9a4e162f3');
INSERT INTO `jysystem`.`JY_BASE_ORG_RESOURCES` (`org_Id`, `resources_id`) VALUES ('1', '13');
INSERT INTO `jysystem`.`JY_BASE_ORG_RESOURCES` (`org_Id`, `resources_id`) VALUES ('1', '10');
INSERT INTO `jysystem`.`JY_BASE_ORG_RESOURCES` (`org_Id`, `resources_id`)
VALUES ('1', '9575841c8b6a4c58b10e97d82320fd02');
INSERT INTO `jysystem`.`JY_BASE_ORG_RESOURCES` (`org_Id`, `resources_id`)
VALUES ('1', 'dde1c043e77d48b4ac2f15806a0aec14');
INSERT INTO `jysystem`.`JY_BASE_ORG_RESOURCES` (`org_Id`, `resources_id`)
VALUES ('1', 'cd7ef89bf12f4ceb98861cf2bcbc96b1');
INSERT INTO `jysystem`.`JY_BASE_ORG_RESOURCES` (`org_Id`, `resources_id`)
VALUES ('1', '78b1bf1c0723433099c458e75a8c6901');
INSERT INTO `jysystem`.`JY_BASE_ORG_RESOURCES` (`org_Id`, `resources_id`)
VALUES ('1', '75288771d60d4510affe8cb97f42897f');
INSERT INTO `jysystem`.`JY_BASE_ORG_RESOURCES` (`org_Id`, `resources_id`) VALUES ('1', '14');
INSERT INTO `jysystem`.`JY_BASE_ORG_RESOURCES` (`org_Id`, `resources_id`)
VALUES ('1', '34507436438c4c7eb9803fa160c2af3c');
INSERT INTO `jysystem`.`JY_BASE_ORG_RESOURCES` (`org_Id`, `resources_id`)
VALUES ('1', 'dbb1d5db4d7b419db1d221b102a7ad51');
INSERT INTO `jysystem`.`JY_BASE_ORG_RESOURCES` (`org_Id`, `resources_id`)
VALUES ('1', 'e9480dd6590a4e14a443ee8f76873fd3');
INSERT INTO `jysystem`.`JY_BASE_ORG_RESOURCES` (`org_Id`, `resources_id`)
VALUES ('1', '6ea62cf0820248a6a2780a885b82a99d');
INSERT INTO `jysystem`.`JY_BASE_ORG_RESOURCES` (`org_Id`, `resources_id`)
VALUES ('1', '21feb456e503484280232730687149f2');
INSERT INTO `jysystem`.`JY_BASE_ORG_RESOURCES` (`org_Id`, `resources_id`) VALUES ('1', '5');
INSERT INTO `jysystem`.`JY_BASE_ORG_RESOURCES` (`org_Id`, `resources_id`) VALUES ('1', '12');
INSERT INTO `jysystem`.`JY_BASE_ORG_RESOURCES` (`org_Id`, `resources_id`)
VALUES ('1', '7c1741c605c148c29113ac804f68f52b');
INSERT INTO `jysystem`.`JY_BASE_ORG_RESOURCES` (`org_Id`, `resources_id`)
VALUES ('1', '343914e32c3b458ba797c080b0dfbf85');
INSERT INTO `jysystem`.`JY_BASE_ORG_RESOURCES` (`org_Id`, `resources_id`)
VALUES ('4', '58230413e8364b67af2bb65e64252260');
INSERT INTO `jysystem`.`JY_BASE_ORG_RESOURCES` (`org_Id`, `resources_id`)
VALUES ('4', 'b776518dfdd940e394a15de3974a8610');
INSERT INTO `jysystem`.`JY_BASE_ORG_RESOURCES` (`org_Id`, `resources_id`)
VALUES ('4', '52910f91bf3e4b71af4ded1ef67bba48');
INSERT INTO `jysystem`.`JY_BASE_ORG_RESOURCES` (`org_Id`, `resources_id`)
VALUES ('4', '18756082926f41329e51d74dda3abc80');
INSERT INTO `jysystem`.`JY_BASE_ORG_RESOURCES` (`org_Id`, `resources_id`)
VALUES ('4', 'a201aa381c3447aeaae23bdb478b3a06');
INSERT INTO `jysystem`.`JY_BASE_ORG_RESOURCES` (`org_Id`, `resources_id`)
VALUES ('4', 'b8203143736e4e549b2e0fc3c617d4c4');
INSERT INTO `jysystem`.`JY_BASE_ORG_RESOURCES` (`org_Id`, `resources_id`)
VALUES ('4', '55e7a2d527564d9790b9f00a00d34634');
INSERT INTO `jysystem`.`JY_BASE_ORG_RESOURCES` (`org_Id`, `resources_id`)
VALUES ('4', '17325e24f35348fd9a287152e3ea8b75');
INSERT INTO `jysystem`.`JY_BASE_ORG_RESOURCES` (`org_Id`, `resources_id`)
VALUES ('4', '7537535a8b5d44009f52a3e84ca5dfd8');
INSERT INTO `jysystem`.`JY_BASE_ORG_RESOURCES` (`org_Id`, `resources_id`)
VALUES ('4', 'c9c822f6c7b94650a6f3944c53738caf');
INSERT INTO `jysystem`.`JY_BASE_ORG_RESOURCES` (`org_Id`, `resources_id`)
VALUES ('4', '47ff0c409f314b07b52ba13f1bb81586');
INSERT INTO `jysystem`.`JY_BASE_ORG_RESOURCES` (`org_Id`, `resources_id`)
VALUES ('4', '72cbdeff2aea4aea8f348bb6d779a87d');
INSERT INTO `jysystem`.`JY_BASE_ORG_RESOURCES` (`org_Id`, `resources_id`)
VALUES ('4', '08693c30017e4e45acff89d300067269');
INSERT INTO `jysystem`.`JY_BASE_ORG_RESOURCES` (`org_Id`, `resources_id`)
VALUES ('4', '79a76d451f3948f4963b97b6d5bbbf3c');
INSERT INTO `jysystem`.`JY_BASE_ORG_RESOURCES` (`org_Id`, `resources_id`)
VALUES ('4', '25a4bc9c184a4d6c904ce7a3ccb26aae');
INSERT INTO `jysystem`.`JY_BASE_ORG_RESOURCES` (`org_Id`, `resources_id`)
VALUES ('4', 'b7d11fca02b04742814eb664454d7473');
INSERT INTO `jysystem`.`JY_BASE_ORG_RESOURCES` (`org_Id`, `resources_id`)
VALUES ('4', '82652011fe8549d18d4652567f7b1610');
INSERT INTO `jysystem`.`JY_BASE_ORG_RESOURCES` (`org_Id`, `resources_id`)
VALUES ('4', 'bf888841c15e4da5858299ef99376eb4');
INSERT INTO `jysystem`.`JY_BASE_ORG_RESOURCES` (`org_Id`, `resources_id`)
VALUES ('4', 'a1b4ef2728d9456aa4e9a85d68c6029e');
INSERT INTO `jysystem`.`JY_BASE_ORG_RESOURCES` (`org_Id`, `resources_id`)
VALUES ('4', '747a8ddc90b844c3a12dbe920e777052');
INSERT INTO `jysystem`.`JY_BASE_ORG_RESOURCES` (`org_Id`, `resources_id`)
VALUES ('4', 'b78f7224d001404c92479532c614dffa');
INSERT INTO `jysystem`.`JY_BASE_ORG_RESOURCES` (`org_Id`, `resources_id`)
VALUES ('4', 'a2eea33defc64462b3b3df9e64c461fb');
INSERT INTO `jysystem`.`JY_BASE_ORG_RESOURCES` (`org_Id`, `resources_id`)
VALUES ('4', '1e87cc3913914c8aa80116270ed03a75');
INSERT INTO `jysystem`.`JY_BASE_ORG_RESOURCES` (`org_Id`, `resources_id`)
VALUES ('4', '9bd48a7e0ca74b77b577411c8e4b7c2b');
INSERT INTO `jysystem`.`JY_BASE_ORG_RESOURCES` (`org_Id`, `resources_id`)
VALUES ('4', '55053558dc4f4ab0983337386969aced');
INSERT INTO `jysystem`.`JY_BASE_ORG_RESOURCES` (`org_Id`, `resources_id`)
VALUES ('4', 'ef3a950b6154459589acc7dd7145e0ed');
INSERT INTO `jysystem`.`JY_BASE_ORG_RESOURCES` (`org_Id`, `resources_id`)
VALUES ('4', 'de998a250fcb4c2ab88981f2093d54f3');
INSERT INTO `jysystem`.`JY_BASE_ORG_RESOURCES` (`org_Id`, `resources_id`)
VALUES ('4', 'a213cc3a8be64a77b9d8673619230a87');
INSERT INTO `jysystem`.`JY_BASE_ORG_RESOURCES` (`org_Id`, `resources_id`)
VALUES ('4', 'c669fba98a9446999b62d15bfff1c412');
INSERT INTO `jysystem`.`JY_BASE_ORG_RESOURCES` (`org_Id`, `resources_id`)
VALUES ('4', '7579afb168b04a3d99fff9dbe956936e');
INSERT INTO `jysystem`.`JY_BASE_ORG_RESOURCES` (`org_Id`, `resources_id`)
VALUES ('4', '7d6a6b7594b14807a3def610f6595804');
INSERT INTO `jysystem`.`JY_BASE_ORG_RESOURCES` (`org_Id`, `resources_id`)
VALUES ('4', '9ba1dbda9e414eff8591cda4aea34c32');
INSERT INTO `jysystem`.`JY_BASE_ORG_RESOURCES` (`org_Id`, `resources_id`)
VALUES ('4', '51424721ec1c4574b2f2a7bc1833c17f');
INSERT INTO `jysystem`.`JY_BASE_ORG_RESOURCES` (`org_Id`, `resources_id`)
VALUES ('4', '7b30d8d43df347ada558df820bbec28b');
INSERT INTO `jysystem`.`JY_BASE_ORG_RESOURCES` (`org_Id`, `resources_id`)
VALUES ('4', '5d1b45e9b6a84bccb212758ce8f2e906');
INSERT INTO `jysystem`.`JY_BASE_ORG_RESOURCES` (`org_Id`, `resources_id`)
VALUES ('4', '273e05eb764f48c18f832520e7ce141e');
INSERT INTO `jysystem`.`JY_BASE_ORG_RESOURCES` (`org_Id`, `resources_id`)
VALUES ('4', '0576a0a5825a4c1eafb0fb88369e77f6');
INSERT INTO `jysystem`.`JY_BASE_ORG_RESOURCES` (`org_Id`, `resources_id`)
VALUES ('4', '40a146e3febf4cafb930a077f1f048d3');
INSERT INTO `jysystem`.`JY_BASE_ORG_RESOURCES` (`org_Id`, `resources_id`)
VALUES ('1', '58230413e8364b67af2bb65e64252260');
INSERT INTO `jysystem`.`JY_BASE_ORG_RESOURCES` (`org_Id`, `resources_id`)
VALUES ('1', 'b776518dfdd940e394a15de3974a8610');
INSERT INTO `jysystem`.`JY_BASE_ORG_RESOURCES` (`org_Id`, `resources_id`)
VALUES ('1', '52910f91bf3e4b71af4ded1ef67bba48');
INSERT INTO `jysystem`.`JY_BASE_ORG_RESOURCES` (`org_Id`, `resources_id`)
VALUES ('1', '18756082926f41329e51d74dda3abc80');
INSERT INTO `jysystem`.`JY_BASE_ORG_RESOURCES` (`org_Id`, `resources_id`)
VALUES ('1', 'a201aa381c3447aeaae23bdb478b3a06');
INSERT INTO `jysystem`.`JY_BASE_ORG_RESOURCES` (`org_Id`, `resources_id`)
VALUES ('1', 'b8203143736e4e549b2e0fc3c617d4c4');
INSERT INTO `jysystem`.`JY_BASE_ORG_RESOURCES` (`org_Id`, `resources_id`)
VALUES ('1', '55e7a2d527564d9790b9f00a00d34634');
INSERT INTO `jysystem`.`JY_BASE_ORG_RESOURCES` (`org_Id`, `resources_id`)
VALUES ('1', '17325e24f35348fd9a287152e3ea8b75');
INSERT INTO `jysystem`.`JY_BASE_ORG_RESOURCES` (`org_Id`, `resources_id`)
VALUES ('1', '7537535a8b5d44009f52a3e84ca5dfd8');
INSERT INTO `jysystem`.`JY_BASE_ORG_RESOURCES` (`org_Id`, `resources_id`)
VALUES ('1', 'c9c822f6c7b94650a6f3944c53738caf');
INSERT INTO `jysystem`.`JY_BASE_ORG_RESOURCES` (`org_Id`, `resources_id`)
VALUES ('1', '47ff0c409f314b07b52ba13f1bb81586');
INSERT INTO `jysystem`.`JY_BASE_ORG_RESOURCES` (`org_Id`, `resources_id`)
VALUES ('1', '72cbdeff2aea4aea8f348bb6d779a87d');
INSERT INTO `jysystem`.`JY_BASE_ORG_RESOURCES` (`org_Id`, `resources_id`)
VALUES ('1', '08693c30017e4e45acff89d300067269');
INSERT INTO `jysystem`.`JY_BASE_ORG_RESOURCES` (`org_Id`, `resources_id`)
VALUES ('1', '79a76d451f3948f4963b97b6d5bbbf3c');
INSERT INTO `jysystem`.`JY_BASE_ORG_RESOURCES` (`org_Id`, `resources_id`)
VALUES ('1', '25a4bc9c184a4d6c904ce7a3ccb26aae');
INSERT INTO `jysystem`.`JY_BASE_ORG_RESOURCES` (`org_Id`, `resources_id`)
VALUES ('1', 'b7d11fca02b04742814eb664454d7473');
INSERT INTO `jysystem`.`JY_BASE_ORG_RESOURCES` (`org_Id`, `resources_id`)
VALUES ('1', '82652011fe8549d18d4652567f7b1610');
INSERT INTO `jysystem`.`JY_BASE_ORG_RESOURCES` (`org_Id`, `resources_id`)
VALUES ('1', 'bf888841c15e4da5858299ef99376eb4');
INSERT INTO `jysystem`.`JY_BASE_ORG_RESOURCES` (`org_Id`, `resources_id`)
VALUES ('1', 'a1b4ef2728d9456aa4e9a85d68c6029e');
INSERT INTO `jysystem`.`JY_BASE_ORG_RESOURCES` (`org_Id`, `resources_id`)
VALUES ('1', '747a8ddc90b844c3a12dbe920e777052');
INSERT INTO `jysystem`.`JY_BASE_ORG_RESOURCES` (`org_Id`, `resources_id`)
VALUES ('1', 'b78f7224d001404c92479532c614dffa');
INSERT INTO `jysystem`.`JY_BASE_ORG_RESOURCES` (`org_Id`, `resources_id`)
VALUES ('1', 'a2eea33defc64462b3b3df9e64c461fb');
INSERT INTO `jysystem`.`JY_BASE_ORG_RESOURCES` (`org_Id`, `resources_id`)
VALUES ('1', '1e87cc3913914c8aa80116270ed03a75');
INSERT INTO `jysystem`.`JY_BASE_ORG_RESOURCES` (`org_Id`, `resources_id`)
VALUES ('1', '9bd48a7e0ca74b77b577411c8e4b7c2b');
INSERT INTO `jysystem`.`JY_BASE_ORG_RESOURCES` (`org_Id`, `resources_id`)
VALUES ('1', '55053558dc4f4ab0983337386969aced');
INSERT INTO `jysystem`.`JY_BASE_ORG_RESOURCES` (`org_Id`, `resources_id`)
VALUES ('1', 'ef3a950b6154459589acc7dd7145e0ed');
INSERT INTO `jysystem`.`JY_BASE_ORG_RESOURCES` (`org_Id`, `resources_id`)
VALUES ('1', 'de998a250fcb4c2ab88981f2093d54f3');
INSERT INTO `jysystem`.`JY_BASE_ORG_RESOURCES` (`org_Id`, `resources_id`)
VALUES ('1', 'a213cc3a8be64a77b9d8673619230a87');
INSERT INTO `jysystem`.`JY_BASE_ORG_RESOURCES` (`org_Id`, `resources_id`)
VALUES ('1', 'c669fba98a9446999b62d15bfff1c412');
INSERT INTO `jysystem`.`JY_BASE_ORG_RESOURCES` (`org_Id`, `resources_id`)
VALUES ('1', '7579afb168b04a3d99fff9dbe956936e');
INSERT INTO `jysystem`.`JY_BASE_ORG_RESOURCES` (`org_Id`, `resources_id`)
VALUES ('1', '7d6a6b7594b14807a3def610f6595804');
INSERT INTO `jysystem`.`JY_BASE_ORG_RESOURCES` (`org_Id`, `resources_id`)
VALUES ('1', '9ba1dbda9e414eff8591cda4aea34c32');
INSERT INTO `jysystem`.`JY_BASE_ORG_RESOURCES` (`org_Id`, `resources_id`)
VALUES ('1', '51424721ec1c4574b2f2a7bc1833c17f');
INSERT INTO `jysystem`.`JY_BASE_ORG_RESOURCES` (`org_Id`, `resources_id`)
VALUES ('1', '7b30d8d43df347ada558df820bbec28b');
INSERT INTO `jysystem`.`JY_BASE_ORG_RESOURCES` (`org_Id`, `resources_id`)
VALUES ('1', '5d1b45e9b6a84bccb212758ce8f2e906');
INSERT INTO `jysystem`.`JY_BASE_ORG_RESOURCES` (`org_Id`, `resources_id`)
VALUES ('1', '273e05eb764f48c18f832520e7ce141e');
INSERT INTO `jysystem`.`JY_BASE_ORG_RESOURCES` (`org_Id`, `resources_id`)
VALUES ('1', '0576a0a5825a4c1eafb0fb88369e77f6');
INSERT INTO `jysystem`.`JY_BASE_ORG_RESOURCES` (`org_Id`, `resources_id`)
VALUES ('1', '40a146e3febf4cafb930a077f1f048d3');
INSERT INTO `jysystem`.`JY_BASE_ORG_RESOURCES` (`org_Id`, `resources_id`) VALUES ('4', '11');
INSERT INTO `jysystem`.`JY_BASE_ORG_RESOURCES` (`org_Id`, `resources_id`) VALUES ('4', '1');
INSERT INTO `jysystem`.`JY_BASE_ORG_RESOURCES` (`org_Id`, `resources_id`) VALUES ('4', '2');
INSERT INTO `jysystem`.`JY_BASE_ORG_RESOURCES` (`org_Id`, `resources_id`)
VALUES ('4', 'ae8fea67b8434987b718c51fe83bb45d');
INSERT INTO `jysystem`.`JY_BASE_ORG_RESOURCES` (`org_Id`, `resources_id`)
VALUES ('4', '1e2cd5e710224cf0ba09bbe5d4ee0009');
INSERT INTO `jysystem`.`JY_BASE_ORG_RESOURCES` (`org_Id`, `resources_id`)
VALUES ('4', 'fa04b6fe03944f2a9c040dbc9071af9b');
INSERT INTO `jysystem`.`JY_BASE_ORG_RESOURCES` (`org_Id`, `resources_id`)
VALUES ('4', '83984d22f9da4991833f506695307b6f');
INSERT INTO `jysystem`.`JY_BASE_ORG_RESOURCES` (`org_Id`, `resources_id`)
VALUES ('4', '89ff6bdf54ca4501a264adba8eb0ee39');
INSERT INTO `jysystem`.`JY_BASE_ORG_RESOURCES` (`org_Id`, `resources_id`)
VALUES ('4', '15a7d1cec70c47bdbfd41c7f9c694481');
INSERT INTO `jysystem`.`JY_BASE_ORG_RESOURCES` (`org_Id`, `resources_id`) VALUES ('4', '3');
INSERT INTO `jysystem`.`JY_BASE_ORG_RESOURCES` (`org_Id`, `resources_id`)
VALUES ('4', '4c97ca25b7e940948b3d403c3b091c81');
INSERT INTO `jysystem`.`JY_BASE_ORG_RESOURCES` (`org_Id`, `resources_id`)
VALUES ('4', 'd22f22f0bc9a4ad2a6464cca6497a7b4');
INSERT INTO `jysystem`.`JY_BASE_ORG_RESOURCES` (`org_Id`, `resources_id`)
VALUES ('4', '51aa6b0b037340b9ae88d22d2a354acf');
INSERT INTO `jysystem`.`JY_BASE_ORG_RESOURCES` (`org_Id`, `resources_id`)
VALUES ('4', '4ee50d1722a34edeb6c15bdbf29e556b');
INSERT INTO `jysystem`.`JY_BASE_ORG_RESOURCES` (`org_Id`, `resources_id`)
VALUES ('4', '42a2938acb5e4a26b5ec2cc6089b7c2e');
INSERT INTO `jysystem`.`JY_BASE_ORG_RESOURCES` (`org_Id`, `resources_id`)
VALUES ('4', '5ba75d14f5b74572bd5ff35d12c58060');
INSERT INTO `jysystem`.`JY_BASE_ORG_RESOURCES` (`org_Id`, `resources_id`)
VALUES ('4', 'c73d630ab1004b5a9b71836e8b000de9');
INSERT INTO `jysystem`.`JY_BASE_ORG_RESOURCES` (`org_Id`, `resources_id`) VALUES ('4', '4');
INSERT INTO `jysystem`.`JY_BASE_ORG_RESOURCES` (`org_Id`, `resources_id`) VALUES ('4', '41');
INSERT INTO `jysystem`.`JY_BASE_ORG_RESOURCES` (`org_Id`, `resources_id`)
VALUES ('4', '161848b9e16e410e9d3fac6f9c91cad5');
INSERT INTO `jysystem`.`JY_BASE_ORG_RESOURCES` (`org_Id`, `resources_id`)
VALUES ('4', '28d4a82889c341bdaceab323b9549245');
INSERT INTO `jysystem`.`JY_BASE_ORG_RESOURCES` (`org_Id`, `resources_id`)
VALUES ('4', '3f184c74379c4b668030ba9e55c9caa3');
INSERT INTO `jysystem`.`JY_BASE_ORG_RESOURCES` (`org_Id`, `resources_id`)
VALUES ('4', '6d44f1553c424e5c81bd3ed9a4e162f3');
INSERT INTO `jysystem`.`JY_BASE_ORG_RESOURCES` (`org_Id`, `resources_id`) VALUES ('4', '13');
INSERT INTO `jysystem`.`JY_BASE_ORG_RESOURCES` (`org_Id`, `resources_id`) VALUES ('4', '10');
INSERT INTO `jysystem`.`JY_BASE_ORG_RESOURCES` (`org_Id`, `resources_id`)
VALUES ('4', '9575841c8b6a4c58b10e97d82320fd02');
INSERT INTO `jysystem`.`JY_BASE_ORG_RESOURCES` (`org_Id`, `resources_id`)
VALUES ('4', 'dde1c043e77d48b4ac2f15806a0aec14');
INSERT INTO `jysystem`.`JY_BASE_ORG_RESOURCES` (`org_Id`, `resources_id`)
VALUES ('4', 'cd7ef89bf12f4ceb98861cf2bcbc96b1');
INSERT INTO `jysystem`.`JY_BASE_ORG_RESOURCES` (`org_Id`, `resources_id`)
VALUES ('4', '78b1bf1c0723433099c458e75a8c6901');
INSERT INTO `jysystem`.`JY_BASE_ORG_RESOURCES` (`org_Id`, `resources_id`)
VALUES ('4', '75288771d60d4510affe8cb97f42897f');
INSERT INTO `jysystem`.`JY_BASE_ORG_RESOURCES` (`org_Id`, `resources_id`) VALUES ('4', '14');
INSERT INTO `jysystem`.`JY_BASE_ORG_RESOURCES` (`org_Id`, `resources_id`)
VALUES ('4', '34507436438c4c7eb9803fa160c2af3c');
INSERT INTO `jysystem`.`JY_BASE_ORG_RESOURCES` (`org_Id`, `resources_id`)
VALUES ('4', 'dbb1d5db4d7b419db1d221b102a7ad51');
INSERT INTO `jysystem`.`JY_BASE_ORG_RESOURCES` (`org_Id`, `resources_id`)
VALUES ('4', 'e9480dd6590a4e14a443ee8f76873fd3');
INSERT INTO `jysystem`.`JY_BASE_ORG_RESOURCES` (`org_Id`, `resources_id`)
VALUES ('4', '6ea62cf0820248a6a2780a885b82a99d');
INSERT INTO `jysystem`.`JY_BASE_ORG_RESOURCES` (`org_Id`, `resources_id`)
VALUES ('4', '21feb456e503484280232730687149f2');
INSERT INTO `jysystem`.`JY_BASE_ORG_RESOURCES` (`org_Id`, `resources_id`) VALUES ('4', '5');
INSERT INTO `jysystem`.`JY_BASE_ORG_RESOURCES` (`org_Id`, `resources_id`) VALUES ('4', '12');
INSERT INTO `jysystem`.`JY_BASE_ORG_RESOURCES` (`org_Id`, `resources_id`)
VALUES ('4', '7c1741c605c148c29113ac804f68f52b');
INSERT INTO `jysystem`.`JY_BASE_ORG_RESOURCES` (`org_Id`, `resources_id`)
VALUES ('4', '343914e32c3b458ba797c080b0dfbf85');
INSERT INTO `jysystem`.`JY_BASE_ORG_RESOURCES` (`org_Id`, `resources_id`)
VALUES ('1', 'e750134d22094ef3a611fe8300c351e9');
INSERT INTO `jysystem`.`JY_BASE_ORG_RESOURCES` (`org_Id`, `resources_id`)
VALUES ('1', 'a103f06e9c7f4e8aafc5eaf4c735fd91');
INSERT INTO `jysystem`.`JY_BASE_ORG_RESOURCES` (`org_Id`, `resources_id`)
VALUES ('1', 'dc4a83f740f54f6b89916321968cbcd3');
INSERT INTO `jysystem`.`JY_BASE_ORG_RESOURCES` (`org_Id`, `resources_id`)
VALUES ('1', '9bc994928cc64fdca432fcad2a0b3ba9');
INSERT INTO `jysystem`.`JY_BASE_ORG_RESOURCES` (`org_Id`, `resources_id`)
VALUES ('1', '1d906f69a7274cbd8b316903e66fc580');
INSERT INTO `jysystem`.`JY_BASE_ORG_RESOURCES` (`org_Id`, `resources_id`)
VALUES ('1', '9cff3045dd824773a70c5a887a2f71ef');
INSERT INTO `jysystem`.`JY_BASE_ORG_RESOURCES` (`org_Id`, `resources_id`)
VALUES ('1', 'f541a86e629d4eefb014309c921a237e');
INSERT INTO `jysystem`.`JY_BASE_ORG_RESOURCES` (`org_Id`, `resources_id`)
VALUES ('1', 'e49f8b358da2404293f6ac4e7f7a7a30');
INSERT INTO `jysystem`.`JY_BASE_ORG_RESOURCES` (`org_Id`, `resources_id`) VALUES ('1', '6');
INSERT INTO `jysystem`.`JY_BASE_ORG_RESOURCES` (`org_Id`, `resources_id`) VALUES ('1', '102');
INSERT INTO `jysystem`.`JY_BASE_ORG_RESOURCES` (`org_Id`, `resources_id`)
VALUES ('1', '4f057f1a6d05416fbb06206b2aaffb10');
INSERT INTO `jysystem`.`JY_BASE_ORG_RESOURCES` (`org_Id`, `resources_id`) VALUES ('1', '103');
INSERT INTO `jysystem`.`JY_BASE_ORG_RESOURCES` (`org_Id`, `resources_id`) VALUES ('1', '100');
INSERT INTO `jysystem`.`JY_BASE_ORG_RESOURCES` (`org_Id`, `resources_id`) VALUES ('1', '101');
INSERT INTO `jysystem`.`JY_BASE_ORG_RESOURCES` (`org_Id`, `resources_id`)
VALUES ('1', '1bc2c9d3d8e644f1a25ce8321f2faf13');
INSERT INTO `jysystem`.`JY_BASE_ORG_RESOURCES` (`org_Id`, `resources_id`)
VALUES ('1', '31b0fe86acea4fceb184aecfe521ff0d');
INSERT INTO `jysystem`.`JY_BASE_ORG_RESOURCES` (`org_Id`, `resources_id`)
VALUES ('1', '0f5747e8beb24a15899cfd0c0f4c42c0');
INSERT INTO `jysystem`.`JY_BASE_ORG_RESOURCES` (`org_Id`, `resources_id`)
VALUES ('1', '9727f259cd8542fc8756b7b9cee9dd54');
INSERT INTO `jysystem`.`JY_BASE_ORG_RESOURCES` (`org_Id`, `resources_id`) VALUES ('1', '404');
INSERT INTO `jysystem`.`JY_BASE_ORG_RESOURCES` (`org_Id`, `resources_id`)
VALUES ('1', '332072af224d42a4b2f340f30355b1e1');
INSERT INTO `jysystem`.`JY_BASE_ORG_RESOURCES` (`org_Id`, `resources_id`)
VALUES ('4', 'e750134d22094ef3a611fe8300c351e9');
INSERT INTO `jysystem`.`JY_BASE_ORG_RESOURCES` (`org_Id`, `resources_id`)
VALUES ('4', 'a103f06e9c7f4e8aafc5eaf4c735fd91');
INSERT INTO `jysystem`.`JY_BASE_ORG_RESOURCES` (`org_Id`, `resources_id`)
VALUES ('4', 'dc4a83f740f54f6b89916321968cbcd3');
INSERT INTO `jysystem`.`JY_BASE_ORG_RESOURCES` (`org_Id`, `resources_id`)
VALUES ('4', '9bc994928cc64fdca432fcad2a0b3ba9');
INSERT INTO `jysystem`.`JY_BASE_ORG_RESOURCES` (`org_Id`, `resources_id`)
VALUES ('4', '1d906f69a7274cbd8b316903e66fc580');
INSERT INTO `jysystem`.`JY_BASE_ORG_RESOURCES` (`org_Id`, `resources_id`)
VALUES ('4', '9cff3045dd824773a70c5a887a2f71ef');
INSERT INTO `jysystem`.`JY_BASE_ORG_RESOURCES` (`org_Id`, `resources_id`)
VALUES ('4', 'f541a86e629d4eefb014309c921a237e');
INSERT INTO `jysystem`.`JY_BASE_ORG_RESOURCES` (`org_Id`, `resources_id`)
VALUES ('4', 'e49f8b358da2404293f6ac4e7f7a7a30');
INSERT INTO `jysystem`.`JY_BASE_ORG_RESOURCES` (`org_Id`, `resources_id`) VALUES ('4', '6');
INSERT INTO `jysystem`.`JY_BASE_ORG_RESOURCES` (`org_Id`, `resources_id`) VALUES ('4', '102');
INSERT INTO `jysystem`.`JY_BASE_ORG_RESOURCES` (`org_Id`, `resources_id`)
VALUES ('4', '4f057f1a6d05416fbb06206b2aaffb10');
INSERT INTO `jysystem`.`JY_BASE_ORG_RESOURCES` (`org_Id`, `resources_id`) VALUES ('4', '103');
INSERT INTO `jysystem`.`JY_BASE_ORG_RESOURCES` (`org_Id`, `resources_id`) VALUES ('4', '100');
INSERT INTO `jysystem`.`JY_BASE_ORG_RESOURCES` (`org_Id`, `resources_id`) VALUES ('4', '101');
INSERT INTO `jysystem`.`JY_BASE_ORG_RESOURCES` (`org_Id`, `resources_id`)
VALUES ('4', '1bc2c9d3d8e644f1a25ce8321f2faf13');
INSERT INTO `jysystem`.`JY_BASE_ORG_RESOURCES` (`org_Id`, `resources_id`)
VALUES ('4', '31b0fe86acea4fceb184aecfe521ff0d');
INSERT INTO `jysystem`.`JY_BASE_ORG_RESOURCES` (`org_Id`, `resources_id`)
VALUES ('4', '0f5747e8beb24a15899cfd0c0f4c42c0');
INSERT INTO `jysystem`.`JY_BASE_ORG_RESOURCES` (`org_Id`, `resources_id`)
VALUES ('4', '9727f259cd8542fc8756b7b9cee9dd54');
INSERT INTO `jysystem`.`JY_BASE_ORG_RESOURCES` (`org_Id`, `resources_id`) VALUES ('4', '404');
INSERT INTO `jysystem`.`JY_BASE_ORG_RESOURCES` (`org_Id`, `resources_id`)
VALUES ('4', '332072af224d42a4b2f340f30355b1e1');
INSERT INTO `jysystem`.`JY_BASE_ORG_RESOURCES` (`org_Id`, `resources_id`)
VALUES ('8f080b6180564157aa173cc26e44d1dd', '58230413e8364b67af2bb65e64252260');
INSERT INTO `jysystem`.`JY_BASE_ORG_RESOURCES` (`org_Id`, `resources_id`)
VALUES ('8f080b6180564157aa173cc26e44d1dd', 'b776518dfdd940e394a15de3974a8610');
INSERT INTO `jysystem`.`JY_BASE_ORG_RESOURCES` (`org_Id`, `resources_id`)
VALUES ('8f080b6180564157aa173cc26e44d1dd', '52910f91bf3e4b71af4ded1ef67bba48');
INSERT INTO `jysystem`.`JY_BASE_ORG_RESOURCES` (`org_Id`, `resources_id`)
VALUES ('8f080b6180564157aa173cc26e44d1dd', '18756082926f41329e51d74dda3abc80');
INSERT INTO `jysystem`.`JY_BASE_ORG_RESOURCES` (`org_Id`, `resources_id`)
VALUES ('8f080b6180564157aa173cc26e44d1dd', 'a201aa381c3447aeaae23bdb478b3a06');
INSERT INTO `jysystem`.`JY_BASE_ORG_RESOURCES` (`org_Id`, `resources_id`)
VALUES ('8f080b6180564157aa173cc26e44d1dd', 'b8203143736e4e549b2e0fc3c617d4c4');
INSERT INTO `jysystem`.`JY_BASE_ORG_RESOURCES` (`org_Id`, `resources_id`)
VALUES ('8f080b6180564157aa173cc26e44d1dd', '55e7a2d527564d9790b9f00a00d34634');
INSERT INTO `jysystem`.`JY_BASE_ORG_RESOURCES` (`org_Id`, `resources_id`)
VALUES ('8f080b6180564157aa173cc26e44d1dd', '17325e24f35348fd9a287152e3ea8b75');
INSERT INTO `jysystem`.`JY_BASE_ORG_RESOURCES` (`org_Id`, `resources_id`)
VALUES ('8f080b6180564157aa173cc26e44d1dd', '7537535a8b5d44009f52a3e84ca5dfd8');
INSERT INTO `jysystem`.`JY_BASE_ORG_RESOURCES` (`org_Id`, `resources_id`)
VALUES ('8f080b6180564157aa173cc26e44d1dd', 'c9c822f6c7b94650a6f3944c53738caf');
INSERT INTO `jysystem`.`JY_BASE_ORG_RESOURCES` (`org_Id`, `resources_id`)
VALUES ('8f080b6180564157aa173cc26e44d1dd', '47ff0c409f314b07b52ba13f1bb81586');
INSERT INTO `jysystem`.`JY_BASE_ORG_RESOURCES` (`org_Id`, `resources_id`)
VALUES ('8f080b6180564157aa173cc26e44d1dd', '72cbdeff2aea4aea8f348bb6d779a87d');
INSERT INTO `jysystem`.`JY_BASE_ORG_RESOURCES` (`org_Id`, `resources_id`)
VALUES ('8f080b6180564157aa173cc26e44d1dd', 'e750134d22094ef3a611fe8300c351e9');
INSERT INTO `jysystem`.`JY_BASE_ORG_RESOURCES` (`org_Id`, `resources_id`)
VALUES ('8f080b6180564157aa173cc26e44d1dd', 'a103f06e9c7f4e8aafc5eaf4c735fd91');
INSERT INTO `jysystem`.`JY_BASE_ORG_RESOURCES` (`org_Id`, `resources_id`)
VALUES ('8f080b6180564157aa173cc26e44d1dd', 'dc4a83f740f54f6b89916321968cbcd3');
INSERT INTO `jysystem`.`JY_BASE_ORG_RESOURCES` (`org_Id`, `resources_id`)
VALUES ('8f080b6180564157aa173cc26e44d1dd', '9bc994928cc64fdca432fcad2a0b3ba9');
INSERT INTO `jysystem`.`JY_BASE_ORG_RESOURCES` (`org_Id`, `resources_id`)
VALUES ('8f080b6180564157aa173cc26e44d1dd', '1d906f69a7274cbd8b316903e66fc580');
INSERT INTO `jysystem`.`JY_BASE_ORG_RESOURCES` (`org_Id`, `resources_id`)
VALUES ('8f080b6180564157aa173cc26e44d1dd', '9cff3045dd824773a70c5a887a2f71ef');
INSERT INTO `jysystem`.`JY_BASE_ORG_RESOURCES` (`org_Id`, `resources_id`)
VALUES ('8f080b6180564157aa173cc26e44d1dd', 'f541a86e629d4eefb014309c921a237e');
INSERT INTO `jysystem`.`JY_BASE_ORG_RESOURCES` (`org_Id`, `resources_id`)
VALUES ('8f080b6180564157aa173cc26e44d1dd', 'e49f8b358da2404293f6ac4e7f7a7a30');
INSERT INTO `jysystem`.`JY_BASE_ORG_RESOURCES` (`org_Id`, `resources_id`)
VALUES ('8f080b6180564157aa173cc26e44d1dd', '11');
INSERT INTO `jysystem`.`JY_BASE_ORG_RESOURCES` (`org_Id`, `resources_id`)
VALUES ('8f080b6180564157aa173cc26e44d1dd', '1');
INSERT INTO `jysystem`.`JY_BASE_ORG_RESOURCES` (`org_Id`, `resources_id`)
VALUES ('8f080b6180564157aa173cc26e44d1dd', '2');
INSERT INTO `jysystem`.`JY_BASE_ORG_RESOURCES` (`org_Id`, `resources_id`)
VALUES ('8f080b6180564157aa173cc26e44d1dd', 'ae8fea67b8434987b718c51fe83bb45d');
INSERT INTO `jysystem`.`JY_BASE_ORG_RESOURCES` (`org_Id`, `resources_id`)
VALUES ('8f080b6180564157aa173cc26e44d1dd', '1e2cd5e710224cf0ba09bbe5d4ee0009');
INSERT INTO `jysystem`.`JY_BASE_ORG_RESOURCES` (`org_Id`, `resources_id`)
VALUES ('8f080b6180564157aa173cc26e44d1dd', 'fa04b6fe03944f2a9c040dbc9071af9b');
INSERT INTO `jysystem`.`JY_BASE_ORG_RESOURCES` (`org_Id`, `resources_id`)
VALUES ('8f080b6180564157aa173cc26e44d1dd', '83984d22f9da4991833f506695307b6f');
INSERT INTO `jysystem`.`JY_BASE_ORG_RESOURCES` (`org_Id`, `resources_id`)
VALUES ('8f080b6180564157aa173cc26e44d1dd', '89ff6bdf54ca4501a264adba8eb0ee39');
INSERT INTO `jysystem`.`JY_BASE_ORG_RESOURCES` (`org_Id`, `resources_id`)
VALUES ('8f080b6180564157aa173cc26e44d1dd', '15a7d1cec70c47bdbfd41c7f9c694481');
INSERT INTO `jysystem`.`JY_BASE_ORG_RESOURCES` (`org_Id`, `resources_id`)
VALUES ('8f080b6180564157aa173cc26e44d1dd', '3');
INSERT INTO `jysystem`.`JY_BASE_ORG_RESOURCES` (`org_Id`, `resources_id`)
VALUES ('8f080b6180564157aa173cc26e44d1dd', '4c97ca25b7e940948b3d403c3b091c81');
INSERT INTO `jysystem`.`JY_BASE_ORG_RESOURCES` (`org_Id`, `resources_id`)
VALUES ('8f080b6180564157aa173cc26e44d1dd', 'd22f22f0bc9a4ad2a6464cca6497a7b4');
INSERT INTO `jysystem`.`JY_BASE_ORG_RESOURCES` (`org_Id`, `resources_id`)
VALUES ('8f080b6180564157aa173cc26e44d1dd', '51aa6b0b037340b9ae88d22d2a354acf');
INSERT INTO `jysystem`.`JY_BASE_ORG_RESOURCES` (`org_Id`, `resources_id`)
VALUES ('8f080b6180564157aa173cc26e44d1dd', '4ee50d1722a34edeb6c15bdbf29e556b');
INSERT INTO `jysystem`.`JY_BASE_ORG_RESOURCES` (`org_Id`, `resources_id`)
VALUES ('8f080b6180564157aa173cc26e44d1dd', '42a2938acb5e4a26b5ec2cc6089b7c2e');
INSERT INTO `jysystem`.`JY_BASE_ORG_RESOURCES` (`org_Id`, `resources_id`)
VALUES ('8f080b6180564157aa173cc26e44d1dd', '5ba75d14f5b74572bd5ff35d12c58060');
INSERT INTO `jysystem`.`JY_BASE_ORG_RESOURCES` (`org_Id`, `resources_id`)
VALUES ('8f080b6180564157aa173cc26e44d1dd', 'c73d630ab1004b5a9b71836e8b000de9');

INSERT INTO `jysystem`.`JY_BASE_POSITION` (`id`, `name`, `orgId`, `type`, `description`, `createTime`, `updateTime`)
VALUES ('1', '经理', '2', 'manager', '', '2016-01-22 00:02:55', NULL);
INSERT INTO `jysystem`.`JY_BASE_POSITION` (`id`, `name`, `orgId`, `type`, `description`, `createTime`, `updateTime`)
VALUES
  ('b2da690b91b64408aba7fb820b1bf9cf', '人事经理', '8f080b6180564157aa173cc26e44d1dd', 'manager', '', '2016-02-27 19:13:06',
   NULL);
INSERT INTO `jysystem`.`JY_BASE_POSITION` (`id`, `name`, `orgId`, `type`, `description`, `createTime`, `updateTime`)
VALUES ('c63d54663fcc4e27a10e1e6f17772df8', '董事长', '1', 'president', '', '2016-01-22 00:45:00', '2016-01-22 19:09:46');
INSERT INTO `jysystem`.`JY_BASE_POSITION` (`id`, `name`, `orgId`, `type`, `description`, `createTime`, `updateTime`)
VALUES ('f6db550f89824d6bb0009fc04af3f25b', '总经理', '1', 'gmanager', '', '2016-01-22 00:47:01', NULL);

INSERT INTO `jysystem`.`JY_BASE_RESOURCES` (`id`, `name`, `parentId`, `layer`, `type`, `resUrl`, `btnId`, `btnFun`, `icon`, `sort`, `isValid`, `description`, `createTime`, `updateTime`)
VALUES ('0576a0a5825a4c1eafb0fb88369e77f6', '自动义菜单', '51424721ec1c4574b2f2a7bc1833c17f', '2', '1',
                                            '/backstage/weixin/menu/index', '', '', 'icon-ellipsis-horizontal ', '2',
                                            '1', '', '2015-12-30 22:44:19', '2015-12-30 23:12:47');
INSERT INTO `jysystem`.`JY_BASE_RESOURCES` (`id`, `name`, `parentId`, `layer`, `type`, `resUrl`, `btnId`, `btnFun`, `icon`, `sort`, `isValid`, `description`, `createTime`, `updateTime`)
VALUES ('08693c30017e4e45acff89d300067269', '系统工具', '0', '2', '1', '', '', '', 'icon-legal ', '4', '1', '',
        '2015-12-07 18:27:41', '2016-01-30 00:24:22');
INSERT INTO `jysystem`.`JY_BASE_RESOURCES` (`id`, `name`, `parentId`, `layer`, `type`, `resUrl`, `btnId`, `btnFun`, `icon`, `sort`, `isValid`, `description`, `createTime`, `updateTime`)
VALUES ('0f5747e8beb24a15899cfd0c0f4c42c0', 'zTree3.5', '6', '3', '1', '/static/apidoc/zTree/API_cn.html', '', '',
                                            'icon-adn', '35', '1', '', '2015-12-13 14:54:53', '2016-01-30 18:36:38');
INSERT INTO `jysystem`.`JY_BASE_RESOURCES` (`id`, `name`, `parentId`, `layer`, `type`, `resUrl`, `btnId`, `btnFun`, `icon`, `sort`, `isValid`, `description`, `createTime`, `updateTime`)
VALUES
  ('1', '基础管理', '0', '1', '1', '', '', '', 'icon-qrcode', '2', '1', '', '2015-07-15 16:35:17', '2016-01-30 00:29:09');
INSERT INTO `jysystem`.`JY_BASE_RESOURCES` (`id`, `name`, `parentId`, `layer`, `type`, `resUrl`, `btnId`, `btnFun`, `icon`, `sort`, `isValid`, `description`, `createTime`, `updateTime`)
VALUES ('10', '系统字典', '13', '1', '1', '/backstage/sysDict/index', '', '', 'icon-dropbox', '1', '1', '',
        '2015-09-14 16:57:39', '2016-01-30 00:28:18');
INSERT INTO `jysystem`.`JY_BASE_RESOURCES` (`id`, `name`, `parentId`, `layer`, `type`, `resUrl`, `btnId`, `btnFun`, `icon`, `sort`, `isValid`, `description`, `createTime`, `updateTime`)
VALUES
  ('100', 'jQuery UI', '6', '3', '1', '/static/apidoc/jquery/index.html', '', '', 'icon-adn', '9', '1', 'jQuery UI',
   '2015-10-09 17:35:39', '2016-01-30 18:36:56');
INSERT INTO `jysystem`.`JY_BASE_RESOURCES` (`id`, `name`, `parentId`, `layer`, `type`, `resUrl`, `btnId`, `btnFun`, `icon`, `sort`, `isValid`, `description`, `createTime`, `updateTime`)
VALUES ('101', 'Shiro', '6', '3', '1', '/static/apidoc/shiro/index.html', '', '', 'icon-adn', '10', '1', '',
        '2015-10-23 10:30:14', '2016-01-30 18:36:18');
INSERT INTO `jysystem`.`JY_BASE_RESOURCES` (`id`, `name`, `parentId`, `layer`, `type`, `resUrl`, `btnId`, `btnFun`, `icon`, `sort`, `isValid`, `description`, `createTime`, `updateTime`)
VALUES ('102', 'JY', '6', '3', '1', '/static/apidoc/jy/index.html', NULL, NULL, 'icon-adn', '1', '1', 'JY',
        '2015-11-04 15:32:19', NULL);
INSERT INTO `jysystem`.`JY_BASE_RESOURCES` (`id`, `name`, `parentId`, `layer`, `type`, `resUrl`, `btnId`, `btnFun`, `icon`, `sort`, `isValid`, `description`, `createTime`, `updateTime`)
VALUES ('103', 'StringUtils', '6', '3', '1', '/static/apidoc/StringUtils/index.html', NULL, NULL, 'icon-adn', '4', '1',
        'StringUtils', '2015-11-06 09:55:48', NULL);
INSERT INTO `jysystem`.`JY_BASE_RESOURCES` (`id`, `name`, `parentId`, `layer`, `type`, `resUrl`, `btnId`, `btnFun`, `icon`, `sort`, `isValid`, `description`, `createTime`, `updateTime`)
VALUES
  ('11', '系统首页', '0', '1', '1', '/backstage/adv', '', '', 'icon-windows', '1', '1', '自定义广告页', '2015-08-11 11:37:44',
   '2016-01-21 12:19:06');
INSERT INTO `jysystem`.`JY_BASE_RESOURCES` (`id`, `name`, `parentId`, `layer`, `type`, `resUrl`, `btnId`, `btnFun`, `icon`, `sort`, `isValid`, `description`, `createTime`, `updateTime`)
VALUES ('12', 'Web监控', '5', '4', '1', '/druid/index.html', NULL, NULL, 'icon-bar-chart', '1', '1', 'Web监控',
        '2015-09-08 10:45:18', NULL);
INSERT INTO `jysystem`.`JY_BASE_RESOURCES` (`id`, `name`, `parentId`, `layer`, `type`, `resUrl`, `btnId`, `btnFun`, `icon`, `sort`, `isValid`, `description`, `createTime`, `updateTime`)
VALUES
  ('13', '字典管理', '0', '1', '1', '', '', '', 'icon-book ', '6', '1', '', '2015-09-25 13:20:42', '2016-01-30 00:25:33');
INSERT INTO `jysystem`.`JY_BASE_RESOURCES` (`id`, `name`, `parentId`, `layer`, `type`, `resUrl`, `btnId`, `btnFun`, `icon`, `sort`, `isValid`, `description`, `createTime`, `updateTime`)
VALUES ('14', '数据字典', '13', '1', '1', '/backstage/dataDict/index', '', '', 'icon-stackexchange', '2', '1', '',
        '2015-09-25 13:30:49', '2016-01-30 00:28:55');
INSERT INTO `jysystem`.`JY_BASE_RESOURCES` (`id`, `name`, `parentId`, `layer`, `type`, `resUrl`, `btnId`, `btnFun`, `icon`, `sort`, `isValid`, `description`, `createTime`, `updateTime`)
VALUES ('15a7d1cec70c47bdbfd41c7f9c694481', '删除', '2', '1', '3', '/backstage/account/del', '', 'del',
                                            'icon-remove-sign color-red', '4', '1', '', '2015-11-16 10:29:46',
        '2015-11-24 14:53:34');
INSERT INTO `jysystem`.`JY_BASE_RESOURCES` (`id`, `name`, `parentId`, `layer`, `type`, `resUrl`, `btnId`, `btnFun`, `icon`, `sort`, `isValid`, `description`, `createTime`, `updateTime`)
VALUES ('161848b9e16e410e9d3fac6f9c91cad5', '批量删除', '4', '1', '2', '/backstage/resources/delBatch', 'delBatchBtn', '',
                                            'icon-trash color-red', '2', '1', '', '2015-11-11 16:01:20',
        '2015-11-13 15:21:27');
INSERT INTO `jysystem`.`JY_BASE_RESOURCES` (`id`, `name`, `parentId`, `layer`, `type`, `resUrl`, `btnId`, `btnFun`, `icon`, `sort`, `isValid`, `description`, `createTime`, `updateTime`)
VALUES ('17325e24f35348fd9a287152e3ea8b75', '创建模型', '55e7a2d527564d9790b9f00a00d34634', '2', '2',
                                            '/backstage/workflow/model/create', 'addBtn', '',
                                            'icon-plus-sign color-green', '1', '1', '', '2016-01-18 17:42:36',
        '2016-01-18 17:47:29');
INSERT INTO `jysystem`.`JY_BASE_RESOURCES` (`id`, `name`, `parentId`, `layer`, `type`, `resUrl`, `btnId`, `btnFun`, `icon`, `sort`, `isValid`, `description`, `createTime`, `updateTime`)
VALUES ('18756082926f41329e51d74dda3abc80', '流程定义', '58230413e8364b67af2bb65e64252260', '2', '1',
                                            '/backstage/workflow/process/index', '', '', 'icon-flickr ', '5', '1', '',
        '2016-01-19 14:21:40', '2016-01-19 20:13:21');
INSERT INTO `jysystem`.`JY_BASE_RESOURCES` (`id`, `name`, `parentId`, `layer`, `type`, `resUrl`, `btnId`, `btnFun`, `icon`, `sort`, `isValid`, `description`, `createTime`, `updateTime`)
VALUES ('1bc2c9d3d8e644f1a25ce8321f2faf13', 'UEditor', '6', '3', '1', '/static/plugins/ueditor/index.html', '', '',
                                            'icon-play-circle ', '12', '1', '', '2015-12-05 15:38:12',
        '2016-01-30 18:36:26');
INSERT INTO `jysystem`.`JY_BASE_RESOURCES` (`id`, `name`, `parentId`, `layer`, `type`, `resUrl`, `btnId`, `btnFun`, `icon`, `sort`, `isValid`, `description`, `createTime`, `updateTime`)
VALUES ('1d906f69a7274cbd8b316903e66fc580', '签收任务', '9bc994928cc64fdca432fcad2a0b3ba9', '3', '1',
                                            '/backstage/workflow/online/myTask/signList', '', '', 'icon-envelope-alt ',
                                            '1', '1', '', '2016-02-11 23:53:11', NULL);
INSERT INTO `jysystem`.`JY_BASE_RESOURCES` (`id`, `name`, `parentId`, `layer`, `type`, `resUrl`, `btnId`, `btnFun`, `icon`, `sort`, `isValid`, `description`, `createTime`, `updateTime`)
VALUES ('1e2cd5e710224cf0ba09bbe5d4ee0009', '批量删除', '2', '1', '2', '/backstage/account/delBatch', 'delBatchBtn', '',
                                            'icon-trash color-red', '2', '1', '', '2015-11-16 09:36:13',
        '2016-01-22 18:39:20');
INSERT INTO `jysystem`.`JY_BASE_RESOURCES` (`id`, `name`, `parentId`, `layer`, `type`, `resUrl`, `btnId`, `btnFun`, `icon`, `sort`, `isValid`, `description`, `createTime`, `updateTime`)
VALUES ('1e87cc3913914c8aa80116270ed03a75', '增加', 'a2eea33defc64462b3b3df9e64c461fb', '2', '2',
                                            '/backstage/task/scheduleJob/add', 'addBtn', '',
                                            'icon-plus-sign color-green', '1', '1', '', '2015-12-24 11:28:59',
        '2015-12-24 20:34:47');
INSERT INTO `jysystem`.`JY_BASE_RESOURCES` (`id`, `name`, `parentId`, `layer`, `type`, `resUrl`, `btnId`, `btnFun`, `icon`, `sort`, `isValid`, `description`, `createTime`, `updateTime`)
VALUES
  ('2', '用户管理', '1', '1', '1', '/backstage/account/index', '', '', 'icon-group', '1', '1', '', '2015-07-15 16:35:19',
   '2016-01-30 00:28:06');
INSERT INTO `jysystem`.`JY_BASE_RESOURCES` (`id`, `name`, `parentId`, `layer`, `type`, `resUrl`, `btnId`, `btnFun`, `icon`, `sort`, `isValid`, `description`, `createTime`, `updateTime`)
VALUES ('21feb456e503484280232730687149f2', '删除', '14', '1', '3', '/backstage/dataDict/del', '', 'del',
                                            'icon-remove-sign color-red', '3', '1', '', '2015-11-18 16:10:03',
        '2015-11-24 14:25:00');
INSERT INTO `jysystem`.`JY_BASE_RESOURCES` (`id`, `name`, `parentId`, `layer`, `type`, `resUrl`, `btnId`, `btnFun`, `icon`, `sort`, `isValid`, `description`, `createTime`, `updateTime`)
VALUES ('25a4bc9c184a4d6c904ce7a3ccb26aae', '图表处理', '08693c30017e4e45acff89d300067269', '2', '1',
                                            '/backstage/tool/echarts/index', '', '', 'icon-align-left ', '2', '1', '',
        '2015-12-16 15:36:29', '2015-12-27 12:08:42');
INSERT INTO `jysystem`.`JY_BASE_RESOURCES` (`id`, `name`, `parentId`, `layer`, `type`, `resUrl`, `btnId`, `btnFun`, `icon`, `sort`, `isValid`, `description`, `createTime`, `updateTime`)
VALUES ('273e05eb764f48c18f832520e7ce141e', '查看', '7b30d8d43df347ada558df820bbec28b', '2', '3',
                                            '/backstage/weixin/follower/find', '', 'check', 'icon-zoom-in color-purple',
                                            '1', '1', '', '2015-12-30 15:43:34', '2015-12-30 15:48:10');
INSERT INTO `jysystem`.`JY_BASE_RESOURCES` (`id`, `name`, `parentId`, `layer`, `type`, `resUrl`, `btnId`, `btnFun`, `icon`, `sort`, `isValid`, `description`, `createTime`, `updateTime`)
VALUES ('28d4a82889c341bdaceab323b9549245', '查看', '4', '1', '3', '/backstage/resources/find', '', 'check',
                                            'icon-zoom-in color-purple', '1', '1', '', '2015-11-12 15:33:53',
        '2015-11-12 16:19:30');
INSERT INTO `jysystem`.`JY_BASE_RESOURCES` (`id`, `name`, `parentId`, `layer`, `type`, `resUrl`, `btnId`, `btnFun`, `icon`, `sort`, `isValid`, `description`, `createTime`, `updateTime`)
VALUES ('3', '组织管理', '1', '1', '1', '/backstage/org/role/index', '', '', 'icon-github-alt', '2', '1', '',
        '2015-07-15 16:35:21', '2016-01-30 00:28:12');
INSERT INTO `jysystem`.`JY_BASE_RESOURCES` (`id`, `name`, `parentId`, `layer`, `type`, `resUrl`, `btnId`, `btnFun`, `icon`, `sort`, `isValid`, `description`, `createTime`, `updateTime`)
VALUES
  ('31b0fe86acea4fceb184aecfe521ff0d', 'Quartz', '6', '3', '1', '/static/apidoc/quartz/index.html', '', '', 'icon-adn ',
                                       '33', '1', '', '2015-12-24 23:03:43', '2015-12-24 23:04:22');
INSERT INTO `jysystem`.`JY_BASE_RESOURCES` (`id`, `name`, `parentId`, `layer`, `type`, `resUrl`, `btnId`, `btnFun`, `icon`, `sort`, `isValid`, `description`, `createTime`, `updateTime`)
VALUES ('332072af224d42a4b2f340f30355b1e1', '500', '9727f259cd8542fc8756b7b9cee9dd54', '3', '1', '/500.jsp', '', '',
                                            'icon-exclamation-sign ', '100', '1', '', '2015-11-25 11:28:27',
        '2015-12-13 14:51:32');
INSERT INTO `jysystem`.`JY_BASE_RESOURCES` (`id`, `name`, `parentId`, `layer`, `type`, `resUrl`, `btnId`, `btnFun`, `icon`, `sort`, `isValid`, `description`, `createTime`, `updateTime`)
VALUES ('343914e32c3b458ba797c080b0dfbf85', '批量删除', '7c1741c605c148c29113ac804f68f52b', '4', '2',
                                            '/backstage/loginLog/delBatch', 'delBatchBtn', '', 'icon-trash color-red',
                                            '1', '1', '', '2015-12-24 21:04:24', '2015-12-24 21:09:33');
INSERT INTO `jysystem`.`JY_BASE_RESOURCES` (`id`, `name`, `parentId`, `layer`, `type`, `resUrl`, `btnId`, `btnFun`, `icon`, `sort`, `isValid`, `description`, `createTime`, `updateTime`)
VALUES ('34507436438c4c7eb9803fa160c2af3c', '增加', '14', '1', '2', '/backstage/dataDict/add', 'addBtn', '',
                                            'icon-plus-sign color-green', '1', '1', '', '2015-11-18 16:03:55',
        '2015-11-24 14:09:42');
INSERT INTO `jysystem`.`JY_BASE_RESOURCES` (`id`, `name`, `parentId`, `layer`, `type`, `resUrl`, `btnId`, `btnFun`, `icon`, `sort`, `isValid`, `description`, `createTime`, `updateTime`)
VALUES ('3f184c74379c4b668030ba9e55c9caa3', '修改', '4', '1', '3', '/backstage/resources/update', '', 'edit',
                                            'icon-edit color-blue', '2', '1', '', '2015-11-11 16:50:47',
        '2015-11-12 16:19:24');
INSERT INTO `jysystem`.`JY_BASE_RESOURCES` (`id`, `name`, `parentId`, `layer`, `type`, `resUrl`, `btnId`, `btnFun`, `icon`, `sort`, `isValid`, `description`, `createTime`, `updateTime`)
VALUES ('4', '菜单管理', '1', '1', '1', '/backstage/resources/index', '', '', 'icon-th-large', '4', '1', '',
        '2015-07-15 16:35:24', '2016-01-30 00:28:27');
INSERT INTO `jysystem`.`JY_BASE_RESOURCES` (`id`, `name`, `parentId`, `layer`, `type`, `resUrl`, `btnId`, `btnFun`, `icon`, `sort`, `isValid`, `description`, `createTime`, `updateTime`)
VALUES ('404', '404', '9727f259cd8542fc8756b7b9cee9dd54', '3', '1', '/404', '', '', 'icon-exclamation-sign ', '99', '1',
        '404', '2015-10-30 17:18:31', '2015-12-13 14:51:24');
INSERT INTO `jysystem`.`JY_BASE_RESOURCES` (`id`, `name`, `parentId`, `layer`, `type`, `resUrl`, `btnId`, `btnFun`, `icon`, `sort`, `isValid`, `description`, `createTime`, `updateTime`)
VALUES ('40a146e3febf4cafb930a077f1f048d3', '配置管理', '51424721ec1c4574b2f2a7bc1833c17f', '2', '1',
                                            '/backstage/weixin/config/index', '', '', 'icon-cog ', '10', '1', '',
        '2015-12-30 21:27:02', '2015-12-30 21:34:33');
INSERT INTO `jysystem`.`JY_BASE_RESOURCES` (`id`, `name`, `parentId`, `layer`, `type`, `resUrl`, `btnId`, `btnFun`, `icon`, `sort`, `isValid`, `description`, `createTime`, `updateTime`)
VALUES
  ('41', '增加', '4', '1', '2', '/backstage/resources/add', 'addBtn', '', 'icon-plus-sign color-green', '1', '1', '增加',
   '2015-11-06 11:21:29', '2015-11-12 17:32:36');
INSERT INTO `jysystem`.`JY_BASE_RESOURCES` (`id`, `name`, `parentId`, `layer`, `type`, `resUrl`, `btnId`, `btnFun`, `icon`, `sort`, `isValid`, `description`, `createTime`, `updateTime`)
VALUES ('42a2938acb5e4a26b5ec2cc6089b7c2e', '修改角色', '3', '1', '3', '/backstage/org/role/update', '', 'edit',
                                            'icon-edit color-blue', '3', '1', '', '2015-11-13 17:13:52',
        '2016-01-22 12:42:42');
INSERT INTO `jysystem`.`JY_BASE_RESOURCES` (`id`, `name`, `parentId`, `layer`, `type`, `resUrl`, `btnId`, `btnFun`, `icon`, `sort`, `isValid`, `description`, `createTime`, `updateTime`)
VALUES ('47ff0c409f314b07b52ba13f1bb81586', '导出', '55e7a2d527564d9790b9f00a00d34634', '2', '3',
                                            '/backstage/workflow/model/export', '', 'exportForm',
                                            'icon-cloud-download color-pale-orange', '3', '1', '',
        '2016-01-18 19:04:39', '2016-01-18 19:13:50');
INSERT INTO `jysystem`.`JY_BASE_RESOURCES` (`id`, `name`, `parentId`, `layer`, `type`, `resUrl`, `btnId`, `btnFun`, `icon`, `sort`, `isValid`, `description`, `createTime`, `updateTime`)
VALUES ('4c97ca25b7e940948b3d403c3b091c81', '增加角色', '3', '1', '2', '/backstage/org/role/add', 'addBtn', '',
                                            'icon-plus-sign color-green', '1', '1', '', '2015-11-13 10:12:20',
        '2016-01-22 12:43:20');
INSERT INTO `jysystem`.`JY_BASE_RESOURCES` (`id`, `name`, `parentId`, `layer`, `type`, `resUrl`, `btnId`, `btnFun`, `icon`, `sort`, `isValid`, `description`, `createTime`, `updateTime`)
VALUES ('4ee50d1722a34edeb6c15bdbf29e556b', '查看角色', '3', '1', '3', '/backstage/org/role/find', '', 'check',
                                            'icon-zoom-in color-purple', '2', '1', '', '2015-11-13 16:27:36',
        '2016-01-22 12:42:52');
INSERT INTO `jysystem`.`JY_BASE_RESOURCES` (`id`, `name`, `parentId`, `layer`, `type`, `resUrl`, `btnId`, `btnFun`, `icon`, `sort`, `isValid`, `description`, `createTime`, `updateTime`)
VALUES
  ('4f057f1a6d05416fbb06206b2aaffb10', '页面UI', '6', '3', '1', '/static/apidoc/JYUI/index.html', '', '', 'icon-html5 ',
                                       '2', '1', '', '2016-01-30 18:33:58', '2016-01-30 18:38:16');
INSERT INTO `jysystem`.`JY_BASE_RESOURCES` (`id`, `name`, `parentId`, `layer`, `type`, `resUrl`, `btnId`, `btnFun`, `icon`, `sort`, `isValid`, `description`, `createTime`, `updateTime`)
VALUES
  ('5', '监控管理', '0', '4', '1', '', '', '', 'icon-linux', '10', '1', '', '2015-07-15 16:35:25', '2016-01-30 03:32:24');
INSERT INTO `jysystem`.`JY_BASE_RESOURCES` (`id`, `name`, `parentId`, `layer`, `type`, `resUrl`, `btnId`, `btnFun`, `icon`, `sort`, `isValid`, `description`, `createTime`, `updateTime`)
VALUES ('51424721ec1c4574b2f2a7bc1833c17f', '微信管理', '0', '2', '1', '', '', '', 'icon-comments-alt ', '8', '1', '',
        '2015-12-27 15:22:08', '2016-01-30 00:24:04');
INSERT INTO `jysystem`.`JY_BASE_RESOURCES` (`id`, `name`, `parentId`, `layer`, `type`, `resUrl`, `btnId`, `btnFun`, `icon`, `sort`, `isValid`, `description`, `createTime`, `updateTime`)
VALUES
  ('51aa6b0b037340b9ae88d22d2a354acf', '授权角色权限', '3', '1', '3', '/backstage/org/role/listAuthorized', '', 'authorized',
                                       'icon-key color-dark-green', '1', '1', '', '2015-11-13 17:41:57',
   '2016-01-22 12:43:02');
INSERT INTO `jysystem`.`JY_BASE_RESOURCES` (`id`, `name`, `parentId`, `layer`, `type`, `resUrl`, `btnId`, `btnFun`, `icon`, `sort`, `isValid`, `description`, `createTime`, `updateTime`)
VALUES ('52910f91bf3e4b71af4ded1ef67bba48', '历史流程', '58230413e8364b67af2bb65e64252260', '2', '1',
                                            '/backstage/workflow/instance/his/index', '', '', 'icon-save ', '4', '1',
        '', '2016-01-20 11:45:23', '2016-02-12 13:02:46');
INSERT INTO `jysystem`.`JY_BASE_RESOURCES` (`id`, `name`, `parentId`, `layer`, `type`, `resUrl`, `btnId`, `btnFun`, `icon`, `sort`, `isValid`, `description`, `createTime`, `updateTime`)
VALUES ('55053558dc4f4ab0983337386969aced', '启动任务', 'a2eea33defc64462b3b3df9e64c461fb', '2', '3',
                                            '/backstage/task/scheduleJob/resumeJob', '', 'resumeJob',
                                            'icon-play color-bright-blue', '2', '1', '', '2015-12-24 18:03:54',
        '2015-12-24 20:35:11');
INSERT INTO `jysystem`.`JY_BASE_RESOURCES` (`id`, `name`, `parentId`, `layer`, `type`, `resUrl`, `btnId`, `btnFun`, `icon`, `sort`, `isValid`, `description`, `createTime`, `updateTime`)
VALUES ('55e7a2d527564d9790b9f00a00d34634', '模型工作区', '58230413e8364b67af2bb65e64252260', '2', '1',
                                            '/backstage/workflow/model/index', '', '', 'icon-edit-sign ', '10', '1', '',
        '2016-01-08 00:28:33', '2016-01-19 14:05:01');
INSERT INTO `jysystem`.`JY_BASE_RESOURCES` (`id`, `name`, `parentId`, `layer`, `type`, `resUrl`, `btnId`, `btnFun`, `icon`, `sort`, `isValid`, `description`, `createTime`, `updateTime`)
VALUES ('58230413e8364b67af2bb65e64252260', '工作流管理', '0', '2', '1', '', '', '', 'icon-briefcase ', '3', '1', '',
        '2016-01-08 00:27:03', '2016-01-30 00:24:53');
INSERT INTO `jysystem`.`JY_BASE_RESOURCES` (`id`, `name`, `parentId`, `layer`, `type`, `resUrl`, `btnId`, `btnFun`, `icon`, `sort`, `isValid`, `description`, `createTime`, `updateTime`)
VALUES ('5ba75d14f5b74572bd5ff35d12c58060', '删除角色', '3', '1', '3', '/backstage/org/role/del', '', 'del',
                                            'icon-remove-sign color-red', '4', '1', '', '2015-11-13 17:21:08',
        '2016-01-22 12:42:29');
INSERT INTO `jysystem`.`JY_BASE_RESOURCES` (`id`, `name`, `parentId`, `layer`, `type`, `resUrl`, `btnId`, `btnFun`, `icon`, `sort`, `isValid`, `description`, `createTime`, `updateTime`)
VALUES ('5d1b45e9b6a84bccb212758ce8f2e906', '同步关注者数据', '7b30d8d43df347ada558df820bbec28b', '2', '2',
                                            '/backstage/weixin/follower/syncFollower', 'syncFollowerBtn', '',
                                            'icon-cloud-download color-pale-blue', '1', '1', '', '2015-12-30 15:42:47',
        '2015-12-30 15:46:04');
INSERT INTO `jysystem`.`JY_BASE_RESOURCES` (`id`, `name`, `parentId`, `layer`, `type`, `resUrl`, `btnId`, `btnFun`, `icon`, `sort`, `isValid`, `description`, `createTime`, `updateTime`)
VALUES
  ('6', 'Api', '0', '3', '1', '', '', '', 'icon-adn', '98', '1', 'Api', '2015-09-23 15:56:37', '2016-01-30 00:24:45');
INSERT INTO `jysystem`.`JY_BASE_RESOURCES` (`id`, `name`, `parentId`, `layer`, `type`, `resUrl`, `btnId`, `btnFun`, `icon`, `sort`, `isValid`, `description`, `createTime`, `updateTime`)
VALUES ('6d44f1553c424e5c81bd3ed9a4e162f3', '删除', '4', '1', '3', '/backstage/resources/del', '', 'del',
                                            'icon-remove-sign color-red', '3', '1', '', '2015-11-12 16:23:58',
        '2015-11-12 16:31:33');
INSERT INTO `jysystem`.`JY_BASE_RESOURCES` (`id`, `name`, `parentId`, `layer`, `type`, `resUrl`, `btnId`, `btnFun`, `icon`, `sort`, `isValid`, `description`, `createTime`, `updateTime`)
VALUES ('6ea62cf0820248a6a2780a885b82a99d', '修改', '14', '1', '3', '/backstage/dataDict/update', '', 'edit',
                                            'icon-edit color-blue', '2', '1', '', '2015-11-18 16:11:53',
        '2015-11-24 14:10:05');
INSERT INTO `jysystem`.`JY_BASE_RESOURCES` (`id`, `name`, `parentId`, `layer`, `type`, `resUrl`, `btnId`, `btnFun`, `icon`, `sort`, `isValid`, `description`, `createTime`, `updateTime`)
VALUES ('72cbdeff2aea4aea8f348bb6d779a87d', '删除模型', '55e7a2d527564d9790b9f00a00d34634', '2', '3',
                                            '/backstage/workflow/model/del', '', 'del', 'icon-remove-sign color-red',
                                            '6', '1', '', '2016-01-18 18:27:01', '2016-01-18 18:27:32');
INSERT INTO `jysystem`.`JY_BASE_RESOURCES` (`id`, `name`, `parentId`, `layer`, `type`, `resUrl`, `btnId`, `btnFun`, `icon`, `sort`, `isValid`, `description`, `createTime`, `updateTime`)
VALUES ('747a8ddc90b844c3a12dbe920e777052', '可拖动上传', '82652011fe8549d18d4652567f7b1610', '2', '1',
                                            '/backstage/tool/webuploader/test/more', '', '', 'icon-folder-open-alt ',
                                            '3', '1', '', '2016-01-06 17:55:19', '2016-01-06 17:55:48');
INSERT INTO `jysystem`.`JY_BASE_RESOURCES` (`id`, `name`, `parentId`, `layer`, `type`, `resUrl`, `btnId`, `btnFun`, `icon`, `sort`, `isValid`, `description`, `createTime`, `updateTime`)
VALUES ('75288771d60d4510affe8cb97f42897f', '删除', '10', '1', '3', '/backstage/sysDict/del', '', 'del',
                                            'icon-remove-sign color-red', '3', '1', '', '2015-11-16 16:38:16',
        '2015-11-24 11:33:16');
INSERT INTO `jysystem`.`JY_BASE_RESOURCES` (`id`, `name`, `parentId`, `layer`, `type`, `resUrl`, `btnId`, `btnFun`, `icon`, `sort`, `isValid`, `description`, `createTime`, `updateTime`)
VALUES ('7537535a8b5d44009f52a3e84ca5dfd8', '编辑模型', '55e7a2d527564d9790b9f00a00d34634', '2', '3',
                                            '/backstage/workflow/model/edit', '', 'edit', 'icon-edit color-blue', '1',
                                            '1', '', '2016-01-18 18:02:28', '2016-01-18 18:28:08');
INSERT INTO `jysystem`.`JY_BASE_RESOURCES` (`id`, `name`, `parentId`, `layer`, `type`, `resUrl`, `btnId`, `btnFun`, `icon`, `sort`, `isValid`, `description`, `createTime`, `updateTime`)
VALUES ('7579afb168b04a3d99fff9dbe956936e', '定时任务日志', 'b78f7224d001404c92479532c614dffa', '2', '1',
                                            '/backstage/task/taskLog/index', '', '', 'icon-eye-open ', '2', '1', '',
        '2015-12-24 19:51:42', '2015-12-24 20:30:38');
INSERT INTO `jysystem`.`JY_BASE_RESOURCES` (`id`, `name`, `parentId`, `layer`, `type`, `resUrl`, `btnId`, `btnFun`, `icon`, `sort`, `isValid`, `description`, `createTime`, `updateTime`)
VALUES ('78b1bf1c0723433099c458e75a8c6901', '修改', '10', '1', '3', '/backstage/sysDict/update', '', 'edit',
                                            'icon-edit color-blue', '2', '1', '', '2015-11-16 16:37:44',
        '2015-11-24 14:08:26');
INSERT INTO `jysystem`.`JY_BASE_RESOURCES` (`id`, `name`, `parentId`, `layer`, `type`, `resUrl`, `btnId`, `btnFun`, `icon`, `sort`, `isValid`, `description`, `createTime`, `updateTime`)
VALUES ('79a76d451f3948f4963b97b6d5bbbf3c', '邮箱中心', '08693c30017e4e45acff89d300067269', '2', '1',
                                            '/backstage/tool/email/index', '', '', 'icon-envelope-alt ', '1', '1', '',
        '2015-12-02 15:57:52', '2015-12-25 17:32:49');
INSERT INTO `jysystem`.`JY_BASE_RESOURCES` (`id`, `name`, `parentId`, `layer`, `type`, `resUrl`, `btnId`, `btnFun`, `icon`, `sort`, `isValid`, `description`, `createTime`, `updateTime`)
VALUES ('7b30d8d43df347ada558df820bbec28b', '关注者管理', '51424721ec1c4574b2f2a7bc1833c17f', '2', '1',
                                            '/backstage/weixin/follower/index', '', '', 'icon-group ', '1', '1', '',
        '2015-12-29 23:52:59', '2015-12-29 23:53:34');
INSERT INTO `jysystem`.`JY_BASE_RESOURCES` (`id`, `name`, `parentId`, `layer`, `type`, `resUrl`, `btnId`, `btnFun`, `icon`, `sort`, `isValid`, `description`, `createTime`, `updateTime`)
VALUES
  ('7c1741c605c148c29113ac804f68f52b', '登录日志', '5', '4', '1', '/backstage/loginLog/index', '', '', 'icon-eye-open ',
                                       '2', '1', '', '2015-11-25 16:56:41', '2015-11-25 17:17:37');
INSERT INTO `jysystem`.`JY_BASE_RESOURCES` (`id`, `name`, `parentId`, `layer`, `type`, `resUrl`, `btnId`, `btnFun`, `icon`, `sort`, `isValid`, `description`, `createTime`, `updateTime`)
VALUES ('7d6a6b7594b14807a3def610f6595804', '导出日志', '7579afb168b04a3d99fff9dbe956936e', '2', '2',
                                            '/backstage/task/taskLog/exportXls', 'exportXls', '',
                                            'icon-table color-dark-green', '1', '1', '', '2016-01-07 19:24:05',
        '2016-01-07 23:10:20');
INSERT INTO `jysystem`.`JY_BASE_RESOURCES` (`id`, `name`, `parentId`, `layer`, `type`, `resUrl`, `btnId`, `btnFun`, `icon`, `sort`, `isValid`, `description`, `createTime`, `updateTime`)
VALUES ('82652011fe8549d18d4652567f7b1610', '上传工具', '08693c30017e4e45acff89d300067269', '2', '1', '', '', '',
                                            'icon-cloud-upload ', '5', '1', '', '2016-01-06 17:52:47', NULL);
INSERT INTO `jysystem`.`JY_BASE_RESOURCES` (`id`, `name`, `parentId`, `layer`, `type`, `resUrl`, `btnId`, `btnFun`, `icon`, `sort`, `isValid`, `description`, `createTime`, `updateTime`)
VALUES ('83984d22f9da4991833f506695307b6f', '查看', '2', '1', '3', '/backstage/account/find', '', 'check',
                                            'icon-zoom-in color-purple', '2', '1', '', '2015-11-16 09:49:48',
        '2015-11-24 14:52:57');
INSERT INTO `jysystem`.`JY_BASE_RESOURCES` (`id`, `name`, `parentId`, `layer`, `type`, `resUrl`, `btnId`, `btnFun`, `icon`, `sort`, `isValid`, `description`, `createTime`, `updateTime`)
VALUES ('89ff6bdf54ca4501a264adba8eb0ee39', '修改', '2', '1', '3', '/backstage/account/update', '', 'edit',
                                            'icon-edit color-blue', '3', '1', '', '2015-11-16 10:29:15',
        '2015-11-24 14:53:21');
INSERT INTO `jysystem`.`JY_BASE_RESOURCES` (`id`, `name`, `parentId`, `layer`, `type`, `resUrl`, `btnId`, `btnFun`, `icon`, `sort`, `isValid`, `description`, `createTime`, `updateTime`)
VALUES ('9575841c8b6a4c58b10e97d82320fd02', '增加', '10', '1', '2', '/backstage/sysDict/add', 'addBtn', '',
                                            'icon-plus-sign color-green', '1', '1', '', '2015-11-16 16:30:02',
        '2015-11-24 11:19:42');
INSERT INTO `jysystem`.`JY_BASE_RESOURCES` (`id`, `name`, `parentId`, `layer`, `type`, `resUrl`, `btnId`, `btnFun`, `icon`, `sort`, `isValid`, `description`, `createTime`, `updateTime`)
VALUES ('9727f259cd8542fc8756b7b9cee9dd54', '错误页', '6', '3', '1', '', '', '', 'icon-tag ', '200', '1', '',
        '2015-12-13 14:51:00', '2016-02-10 17:58:46');
INSERT INTO `jysystem`.`JY_BASE_RESOURCES` (`id`, `name`, `parentId`, `layer`, `type`, `resUrl`, `btnId`, `btnFun`, `icon`, `sort`, `isValid`, `description`, `createTime`, `updateTime`)
VALUES ('9ba1dbda9e414eff8591cda4aea34c32', '批量删除', '7579afb168b04a3d99fff9dbe956936e', '2', '2',
                                            '/backstage/task/taskLog/delBatch', 'delBatchBtn', '',
                                            'icon-trash color-red', '2', '1', '', '2015-12-24 21:05:06',
        '2016-01-07 22:59:22');
INSERT INTO `jysystem`.`JY_BASE_RESOURCES` (`id`, `name`, `parentId`, `layer`, `type`, `resUrl`, `btnId`, `btnFun`, `icon`, `sort`, `isValid`, `description`, `createTime`, `updateTime`)
VALUES ('9bc994928cc64fdca432fcad2a0b3ba9', '我的任务', 'e750134d22094ef3a611fe8300c351e9', '3', '1', '', '', '',
                                            'icon-signout ', '2', '1', '', '2016-01-20 11:59:17',
        '2016-02-12 13:12:35');
INSERT INTO `jysystem`.`JY_BASE_RESOURCES` (`id`, `name`, `parentId`, `layer`, `type`, `resUrl`, `btnId`, `btnFun`, `icon`, `sort`, `isValid`, `description`, `createTime`, `updateTime`)
VALUES ('9bd48a7e0ca74b77b577411c8e4b7c2b', '运行一次任务', 'a2eea33defc64462b3b3df9e64c461fb', '2', '3',
                                            '/backstage/task/scheduleJob/runOnce', '', 'runOnce',
                                            'icon-step-forward color-yellow', '1', '1', '', '2015-12-24 18:08:11',
        '2015-12-24 20:34:54');
INSERT INTO `jysystem`.`JY_BASE_RESOURCES` (`id`, `name`, `parentId`, `layer`, `type`, `resUrl`, `btnId`, `btnFun`, `icon`, `sort`, `isValid`, `description`, `createTime`, `updateTime`)
VALUES ('9cff3045dd824773a70c5a887a2f71ef', '待办任务', '9bc994928cc64fdca432fcad2a0b3ba9', '3', '1',
                                            '/backstage/workflow/online/myTask/todoList', '', '', 'icon-tags ', '2',
                                            '1', '', '2016-02-11 23:53:52', NULL);
INSERT INTO `jysystem`.`JY_BASE_RESOURCES` (`id`, `name`, `parentId`, `layer`, `type`, `resUrl`, `btnId`, `btnFun`, `icon`, `sort`, `isValid`, `description`, `createTime`, `updateTime`)
VALUES
  ('a103f06e9c7f4e8aafc5eaf4c735fd91', '任务申请', 'e750134d22094ef3a611fe8300c351e9', '3', '1', '', '', '', 'icon-paste ',
                                       '1', '1', '', '2016-01-20 12:33:14', '2016-01-20 16:35:43');
INSERT INTO `jysystem`.`JY_BASE_RESOURCES` (`id`, `name`, `parentId`, `layer`, `type`, `resUrl`, `btnId`, `btnFun`, `icon`, `sort`, `isValid`, `description`, `createTime`, `updateTime`)
VALUES ('a1b4ef2728d9456aa4e9a85d68c6029e', '文件上传', '82652011fe8549d18d4652567f7b1610', '2', '1',
                                            '/backstage/tool/webuploader/test/file', '', '', 'icon-folder-close ', '2',
                                            '1', '', '2016-01-06 17:54:09', NULL);
INSERT INTO `jysystem`.`JY_BASE_RESOURCES` (`id`, `name`, `parentId`, `layer`, `type`, `resUrl`, `btnId`, `btnFun`, `icon`, `sort`, `isValid`, `description`, `createTime`, `updateTime`)
VALUES ('a201aa381c3447aeaae23bdb478b3a06', '删除流程', '18756082926f41329e51d74dda3abc80', '2', '3',
                                            '/backstage/workflow/process/del', '', 'del', 'icon-remove-sign color-red',
                                            '1', '1', '', '2016-01-19 17:47:55', '2016-01-19 18:03:39');
INSERT INTO `jysystem`.`JY_BASE_RESOURCES` (`id`, `name`, `parentId`, `layer`, `type`, `resUrl`, `btnId`, `btnFun`, `icon`, `sort`, `isValid`, `description`, `createTime`, `updateTime`)
VALUES ('a213cc3a8be64a77b9d8673619230a87', '修改任务', 'a2eea33defc64462b3b3df9e64c461fb', '2', '3',
                                            '/backstage/task/scheduleJob/update', '', 'edit', 'icon-edit color-blue',
                                            '5', '1', '', '2015-12-24 12:42:10', '2015-12-24 20:35:35');
INSERT INTO `jysystem`.`JY_BASE_RESOURCES` (`id`, `name`, `parentId`, `layer`, `type`, `resUrl`, `btnId`, `btnFun`, `icon`, `sort`, `isValid`, `description`, `createTime`, `updateTime`)
VALUES ('a2eea33defc64462b3b3df9e64c461fb', '定时任务管理', 'b78f7224d001404c92479532c614dffa', '2', '1',
                                            '/backstage/task/scheduleJob/index', '', '', 'icon-list-alt ', '1', '1', '',
        '2015-12-23 18:17:34', '2015-12-24 20:34:40');
INSERT INTO `jysystem`.`JY_BASE_RESOURCES` (`id`, `name`, `parentId`, `layer`, `type`, `resUrl`, `btnId`, `btnFun`, `icon`, `sort`, `isValid`, `description`, `createTime`, `updateTime`)
VALUES ('ae8fea67b8434987b718c51fe83bb45d', '增加', '2', '1', '2', '/backstage/account/add', 'addBtn', '',
                                            'icon-plus-sign color-green', '1', '1', '', '2015-11-15 17:34:33',
        '2015-11-24 14:52:44');
INSERT INTO `jysystem`.`JY_BASE_RESOURCES` (`id`, `name`, `parentId`, `layer`, `type`, `resUrl`, `btnId`, `btnFun`, `icon`, `sort`, `isValid`, `description`, `createTime`, `updateTime`)
VALUES ('b776518dfdd940e394a15de3974a8610', '运行中流程', '58230413e8364b67af2bb65e64252260', '2', '1',
                                            '/backstage/workflow/instance/pro/index', '', '', 'icon-expand ', '1', '1',
        '', '2016-01-19 14:01:38', '2016-02-12 13:02:37');
INSERT INTO `jysystem`.`JY_BASE_RESOURCES` (`id`, `name`, `parentId`, `layer`, `type`, `resUrl`, `btnId`, `btnFun`, `icon`, `sort`, `isValid`, `description`, `createTime`, `updateTime`)
VALUES ('b78f7224d001404c92479532c614dffa', '任务中心', '0', '2', '1', '', '', '', 'icon-bell-alt ', '7', '1', '',
        '2015-12-23 18:15:23', '2016-01-30 00:24:15');
INSERT INTO `jysystem`.`JY_BASE_RESOURCES` (`id`, `name`, `parentId`, `layer`, `type`, `resUrl`, `btnId`, `btnFun`, `icon`, `sort`, `isValid`, `description`, `createTime`, `updateTime`)
VALUES ('b7d11fca02b04742814eb664454d7473', '地图工具', '08693c30017e4e45acff89d300067269', '2', '1',
                                            '/backstage/tool/map/index', '', '', 'icon-screenshot ', '3', '1', '',
        '2015-12-25 17:32:30', '2015-12-25 17:33:12');
INSERT INTO `jysystem`.`JY_BASE_RESOURCES` (`id`, `name`, `parentId`, `layer`, `type`, `resUrl`, `btnId`, `btnFun`, `icon`, `sort`, `isValid`, `description`, `createTime`, `updateTime`)
VALUES ('b8203143736e4e549b2e0fc3c617d4c4', '转换模型', '18756082926f41329e51d74dda3abc80', '2', '3',
                                            '/backstage/workflow/process/convertToModel', '', 'convertToModel',
                                            'icon-edit-sign color-gray', '2', '1', '', '2016-01-19 17:50:41',
        '2016-01-19 18:18:46');
INSERT INTO `jysystem`.`JY_BASE_RESOURCES` (`id`, `name`, `parentId`, `layer`, `type`, `resUrl`, `btnId`, `btnFun`, `icon`, `sort`, `isValid`, `description`, `createTime`, `updateTime`)
VALUES ('bf888841c15e4da5858299ef99376eb4', '图片上传', '82652011fe8549d18d4652567f7b1610', '2', '1',
                                            '/backstage/tool/webuploader/test/img', '', '', 'icon-picture ', '1', '1',
        '', '2016-01-06 17:53:33', '2016-01-06 18:02:58');
INSERT INTO `jysystem`.`JY_BASE_RESOURCES` (`id`, `name`, `parentId`, `layer`, `type`, `resUrl`, `btnId`, `btnFun`, `icon`, `sort`, `isValid`, `description`, `createTime`, `updateTime`)
VALUES ('c669fba98a9446999b62d15bfff1c412', '删除任务', 'a2eea33defc64462b3b3df9e64c461fb', '2', '3',
                                            '/backstage/task/scheduleJob/del', '', 'del', 'icon-remove-sign color-red',
                                            '6', '1', '', '2015-12-24 12:42:59', '2015-12-24 20:35:02');
INSERT INTO `jysystem`.`JY_BASE_RESOURCES` (`id`, `name`, `parentId`, `layer`, `type`, `resUrl`, `btnId`, `btnFun`, `icon`, `sort`, `isValid`, `description`, `createTime`, `updateTime`)
VALUES
  ('c73d630ab1004b5a9b71836e8b000de9', '职务管理', '1', '1', '1', '/backstage/org/position/index', '', '', 'icon-user-md ',
                                       '3', '1', '', '2016-01-21 23:13:00', '2016-01-22 00:17:08');
INSERT INTO `jysystem`.`JY_BASE_RESOURCES` (`id`, `name`, `parentId`, `layer`, `type`, `resUrl`, `btnId`, `btnFun`, `icon`, `sort`, `isValid`, `description`, `createTime`, `updateTime`)
VALUES ('c9c822f6c7b94650a6f3944c53738caf', '部署', '55e7a2d527564d9790b9f00a00d34634', '2', '3',
                                            '/backstage/workflow/model/deploy', '', 'deployModel',
                                            'icon-retweet color-bright-blue', '2', '1', '', '2016-01-18 19:11:59',
        '2016-01-18 23:08:04');
INSERT INTO `jysystem`.`JY_BASE_RESOURCES` (`id`, `name`, `parentId`, `layer`, `type`, `resUrl`, `btnId`, `btnFun`, `icon`, `sort`, `isValid`, `description`, `createTime`, `updateTime`)
VALUES ('cd7ef89bf12f4ceb98861cf2bcbc96b1', '查看', '10', '1', '3', '/backstage/sysDict/find', '', 'check',
                                            'icon-zoom-in color-purple', '1', '1', '', '2015-11-16 16:37:11',
        '2015-11-24 14:25:48');
INSERT INTO `jysystem`.`JY_BASE_RESOURCES` (`id`, `name`, `parentId`, `layer`, `type`, `resUrl`, `btnId`, `btnFun`, `icon`, `sort`, `isValid`, `description`, `createTime`, `updateTime`)
VALUES ('d22f22f0bc9a4ad2a6464cca6497a7b4', '批量删除角色', '3', '1', '2', '/backstage/org/role/delBatch', 'delBatchBtn', '',
                                            'icon-trash color-red', '2', '1', '', '2015-11-13 15:21:16',
        '2016-01-22 12:43:12');
INSERT INTO `jysystem`.`JY_BASE_RESOURCES` (`id`, `name`, `parentId`, `layer`, `type`, `resUrl`, `btnId`, `btnFun`, `icon`, `sort`, `isValid`, `description`, `createTime`, `updateTime`)
VALUES ('dbb1d5db4d7b419db1d221b102a7ad51', '批量删除', '14', '1', '2', '/backstage/dataDict/delBatch', 'delBatchBtn', '',
                                            'icon-trash color-red', '2', '1', '', '2015-11-18 16:06:31',
        '2015-11-24 14:16:46');
INSERT INTO `jysystem`.`JY_BASE_RESOURCES` (`id`, `name`, `parentId`, `layer`, `type`, `resUrl`, `btnId`, `btnFun`, `icon`, `sort`, `isValid`, `description`, `createTime`, `updateTime`)
VALUES ('dc4a83f740f54f6b89916321968cbcd3', '请假申请', 'a103f06e9c7f4e8aafc5eaf4c735fd91', '3', '1',
                                            '/backstage/workflow/online/apply/index', '', '', 'icon-paste ', '1', '1',
        '', '2016-01-20 16:45:09', '2016-01-20 17:40:09');
INSERT INTO `jysystem`.`JY_BASE_RESOURCES` (`id`, `name`, `parentId`, `layer`, `type`, `resUrl`, `btnId`, `btnFun`, `icon`, `sort`, `isValid`, `description`, `createTime`, `updateTime`)
VALUES ('dde1c043e77d48b4ac2f15806a0aec14', '批量删除', '10', '1', '2', '/backstage/sysDict/delBatch', 'delBatchBtn', '',
                                            'icon-trash color-red', '2', '1', '', '2015-11-16 16:30:33',
        '2015-11-24 14:24:50');
INSERT INTO `jysystem`.`JY_BASE_RESOURCES` (`id`, `name`, `parentId`, `layer`, `type`, `resUrl`, `btnId`, `btnFun`, `icon`, `sort`, `isValid`, `description`, `createTime`, `updateTime`)
VALUES ('de998a250fcb4c2ab88981f2093d54f3', '查看任务', 'a2eea33defc64462b3b3df9e64c461fb', '2', '3',
                                            '/backstage/task/scheduleJob/find', '', 'check',
                                            'icon-zoom-in color-purple', '4', '1', '', '2015-12-24 12:40:39',
        '2015-12-24 20:35:27');
INSERT INTO `jysystem`.`JY_BASE_RESOURCES` (`id`, `name`, `parentId`, `layer`, `type`, `resUrl`, `btnId`, `btnFun`, `icon`, `sort`, `isValid`, `description`, `createTime`, `updateTime`)
VALUES ('e49f8b358da2404293f6ac4e7f7a7a30', '已结束任务', 'e750134d22094ef3a611fe8300c351e9', '3', '1',
                                            '/backstage/workflow/online/his/index', '', '', 'icon-save ', '4', '1', '',
        '2016-01-20 12:32:28', '2016-01-28 19:04:14');
INSERT INTO `jysystem`.`JY_BASE_RESOURCES` (`id`, `name`, `parentId`, `layer`, `type`, `resUrl`, `btnId`, `btnFun`, `icon`, `sort`, `isValid`, `description`, `createTime`, `updateTime`)
VALUES ('e750134d22094ef3a611fe8300c351e9', '在线办公', '0', '3', '1', '', '', '', 'icon-bell ', '3', '1', '',
        '2016-01-20 11:49:47', '2016-01-30 00:24:41');
INSERT INTO `jysystem`.`JY_BASE_RESOURCES` (`id`, `name`, `parentId`, `layer`, `type`, `resUrl`, `btnId`, `btnFun`, `icon`, `sort`, `isValid`, `description`, `createTime`, `updateTime`)
VALUES ('e9480dd6590a4e14a443ee8f76873fd3', '查看', '14', '1', '3', '/backstage/dataDict/find', '', 'check',
                                            'icon-zoom-in color-purple', '1', '1', '', '2015-11-18 16:11:18',
        '2015-11-24 14:10:24');
INSERT INTO `jysystem`.`JY_BASE_RESOURCES` (`id`, `name`, `parentId`, `layer`, `type`, `resUrl`, `btnId`, `btnFun`, `icon`, `sort`, `isValid`, `description`, `createTime`, `updateTime`)
VALUES ('ef3a950b6154459589acc7dd7145e0ed', '暂停任务', 'a2eea33defc64462b3b3df9e64c461fb', '2', '3',
                                            '/backstage/task/scheduleJob/pauseJob', '', 'pauseJob',
                                            'icon-pause color-dark-gray', '3', '1', '', '2015-12-24 18:05:55',
        '2015-12-24 20:35:19');
INSERT INTO `jysystem`.`JY_BASE_RESOURCES` (`id`, `name`, `parentId`, `layer`, `type`, `resUrl`, `btnId`, `btnFun`, `icon`, `sort`, `isValid`, `description`, `createTime`, `updateTime`)
VALUES ('f541a86e629d4eefb014309c921a237e', '运行中任务', 'e750134d22094ef3a611fe8300c351e9', '3', '1',
                                            '/backstage/workflow/online/run/index', '', '', 'icon-expand ', '3', '1',
        '', '2016-01-20 12:31:55', '2016-01-28 18:24:09');
INSERT INTO `jysystem`.`JY_BASE_RESOURCES` (`id`, `name`, `parentId`, `layer`, `type`, `resUrl`, `btnId`, `btnFun`, `icon`, `sort`, `isValid`, `description`, `createTime`, `updateTime`)
VALUES ('fa04b6fe03944f2a9c040dbc9071af9b', '密码重置', '2', '1', '3', '/backstage/account/resetPwd', '', 'resetPwd',
                                            'icon-unlock-alt color-pale-orange', '1', '1', '', '2015-11-16 10:49:17',
        '2015-11-26 17:16:54');


INSERT INTO `jysystem`.`JY_BASE_ROLE` (`id`, `orgId`, `name`, `isValid`, `description`, `createTime`, `updateTime`)
VALUES ('0f9600afc9274f74b16db37a784a84dc', '11', '业务员', '1', '', '2015-12-14 23:07:42', NULL);
INSERT INTO `jysystem`.`JY_BASE_ROLE` (`id`, `orgId`, `name`, `isValid`, `description`, `createTime`, `updateTime`)
VALUES ('1', '2', '普通角色', '1', '普通角色', NULL, '2015-11-24 15:12:08');
INSERT INTO `jysystem`.`JY_BASE_ROLE` (`id`, `orgId`, `name`, `isValid`, `description`, `createTime`, `updateTime`)
VALUES ('2', '2', '管理员', '1', '管理员', NULL, NULL);
INSERT INTO `jysystem`.`JY_BASE_ROLE` (`id`, `orgId`, `name`, `isValid`, `description`, `createTime`, `updateTime`)
VALUES ('20bd50a12fdf4290ba719c72bfc91849', '8f080b6180564157aa173cc26e44d1dd', '人事经理', '1', '', '2016-02-27 19:10:00',
        NULL);
INSERT INTO `jysystem`.`JY_BASE_ROLE` (`id`, `orgId`, `name`, `isValid`, `description`, `createTime`, `updateTime`)
VALUES ('3', '4', '超级管理员', '1', '超级管理员', NULL, '2015-12-10 01:28:51');
INSERT INTO `jysystem`.`JY_BASE_ROLE` (`id`, `orgId`, `name`, `isValid`, `description`, `createTime`, `updateTime`)
VALUES ('4', '4', '开发者', '1', '开发者', NULL, NULL);

INSERT INTO `jysystem`.`JY_BASE_ROLE_RESOURCES` (`role_id`, `resources_id`)
VALUES ('0f9600afc9274f74b16db37a784a84dc', '08693c30017e4e45acff89d300067269');
INSERT INTO `jysystem`.`JY_BASE_ROLE_RESOURCES` (`role_id`, `resources_id`)
VALUES ('0f9600afc9274f74b16db37a784a84dc', '79a76d451f3948f4963b97b6d5bbbf3c');
INSERT INTO `jysystem`.`JY_BASE_ROLE_RESOURCES` (`role_id`, `resources_id`) VALUES ('1', '1');
INSERT INTO `jysystem`.`JY_BASE_ROLE_RESOURCES` (`role_id`, `resources_id`) VALUES ('1', '2');
INSERT INTO `jysystem`.`JY_BASE_ROLE_RESOURCES` (`role_id`, `resources_id`) VALUES ('2', '1');
INSERT INTO `jysystem`.`JY_BASE_ROLE_RESOURCES` (`role_id`, `resources_id`) VALUES ('2', '10');
INSERT INTO `jysystem`.`JY_BASE_ROLE_RESOURCES` (`role_id`, `resources_id`) VALUES ('2', '13');
INSERT INTO `jysystem`.`JY_BASE_ROLE_RESOURCES` (`role_id`, `resources_id`) VALUES ('2', '14');
INSERT INTO `jysystem`.`JY_BASE_ROLE_RESOURCES` (`role_id`, `resources_id`)
VALUES ('2', '15a7d1cec70c47bdbfd41c7f9c694481');
INSERT INTO `jysystem`.`JY_BASE_ROLE_RESOURCES` (`role_id`, `resources_id`)
VALUES ('2', '161848b9e16e410e9d3fac6f9c91cad5');
INSERT INTO `jysystem`.`JY_BASE_ROLE_RESOURCES` (`role_id`, `resources_id`)
VALUES ('2', '1e2cd5e710224cf0ba09bbe5d4ee0009');
INSERT INTO `jysystem`.`JY_BASE_ROLE_RESOURCES` (`role_id`, `resources_id`) VALUES ('2', '2');
INSERT INTO `jysystem`.`JY_BASE_ROLE_RESOURCES` (`role_id`, `resources_id`)
VALUES ('2', '21feb456e503484280232730687149f2');
INSERT INTO `jysystem`.`JY_BASE_ROLE_RESOURCES` (`role_id`, `resources_id`)
VALUES ('2', '28d4a82889c341bdaceab323b9549245');
INSERT INTO `jysystem`.`JY_BASE_ROLE_RESOURCES` (`role_id`, `resources_id`) VALUES ('2', '3');
INSERT INTO `jysystem`.`JY_BASE_ROLE_RESOURCES` (`role_id`, `resources_id`)
VALUES ('2', '34507436438c4c7eb9803fa160c2af3c');
INSERT INTO `jysystem`.`JY_BASE_ROLE_RESOURCES` (`role_id`, `resources_id`)
VALUES ('2', '3f184c74379c4b668030ba9e55c9caa3');
INSERT INTO `jysystem`.`JY_BASE_ROLE_RESOURCES` (`role_id`, `resources_id`) VALUES ('2', '4');
INSERT INTO `jysystem`.`JY_BASE_ROLE_RESOURCES` (`role_id`, `resources_id`) VALUES ('2', '41');
INSERT INTO `jysystem`.`JY_BASE_ROLE_RESOURCES` (`role_id`, `resources_id`)
VALUES ('2', '42a2938acb5e4a26b5ec2cc6089b7c2e');
INSERT INTO `jysystem`.`JY_BASE_ROLE_RESOURCES` (`role_id`, `resources_id`)
VALUES ('2', '4c97ca25b7e940948b3d403c3b091c81');
INSERT INTO `jysystem`.`JY_BASE_ROLE_RESOURCES` (`role_id`, `resources_id`)
VALUES ('2', '4ee50d1722a34edeb6c15bdbf29e556b');
INSERT INTO `jysystem`.`JY_BASE_ROLE_RESOURCES` (`role_id`, `resources_id`)
VALUES ('2', '51aa6b0b037340b9ae88d22d2a354acf');
INSERT INTO `jysystem`.`JY_BASE_ROLE_RESOURCES` (`role_id`, `resources_id`)
VALUES ('2', '5ba75d14f5b74572bd5ff35d12c58060');
INSERT INTO `jysystem`.`JY_BASE_ROLE_RESOURCES` (`role_id`, `resources_id`)
VALUES ('2', '6d44f1553c424e5c81bd3ed9a4e162f3');
INSERT INTO `jysystem`.`JY_BASE_ROLE_RESOURCES` (`role_id`, `resources_id`)
VALUES ('2', '6ea62cf0820248a6a2780a885b82a99d');
INSERT INTO `jysystem`.`JY_BASE_ROLE_RESOURCES` (`role_id`, `resources_id`)
VALUES ('2', '75288771d60d4510affe8cb97f42897f');
INSERT INTO `jysystem`.`JY_BASE_ROLE_RESOURCES` (`role_id`, `resources_id`)
VALUES ('2', '78b1bf1c0723433099c458e75a8c6901');
INSERT INTO `jysystem`.`JY_BASE_ROLE_RESOURCES` (`role_id`, `resources_id`)
VALUES ('2', '83984d22f9da4991833f506695307b6f');
INSERT INTO `jysystem`.`JY_BASE_ROLE_RESOURCES` (`role_id`, `resources_id`)
VALUES ('2', '89ff6bdf54ca4501a264adba8eb0ee39');
INSERT INTO `jysystem`.`JY_BASE_ROLE_RESOURCES` (`role_id`, `resources_id`)
VALUES ('2', '9575841c8b6a4c58b10e97d82320fd02');
INSERT INTO `jysystem`.`JY_BASE_ROLE_RESOURCES` (`role_id`, `resources_id`)
VALUES ('2', 'ae8fea67b8434987b718c51fe83bb45d');
INSERT INTO `jysystem`.`JY_BASE_ROLE_RESOURCES` (`role_id`, `resources_id`)
VALUES ('2', 'cd7ef89bf12f4ceb98861cf2bcbc96b1');
INSERT INTO `jysystem`.`JY_BASE_ROLE_RESOURCES` (`role_id`, `resources_id`)
VALUES ('2', 'd22f22f0bc9a4ad2a6464cca6497a7b4');
INSERT INTO `jysystem`.`JY_BASE_ROLE_RESOURCES` (`role_id`, `resources_id`)
VALUES ('2', 'dbb1d5db4d7b419db1d221b102a7ad51');
INSERT INTO `jysystem`.`JY_BASE_ROLE_RESOURCES` (`role_id`, `resources_id`)
VALUES ('2', 'dde1c043e77d48b4ac2f15806a0aec14');
INSERT INTO `jysystem`.`JY_BASE_ROLE_RESOURCES` (`role_id`, `resources_id`)
VALUES ('2', 'e9480dd6590a4e14a443ee8f76873fd3');
INSERT INTO `jysystem`.`JY_BASE_ROLE_RESOURCES` (`role_id`, `resources_id`)
VALUES ('2', 'fa04b6fe03944f2a9c040dbc9071af9b');
INSERT INTO `jysystem`.`JY_BASE_ROLE_RESOURCES` (`role_id`, `resources_id`)
VALUES ('20bd50a12fdf4290ba719c72bfc91849', '1');
INSERT INTO `jysystem`.`JY_BASE_ROLE_RESOURCES` (`role_id`, `resources_id`)
VALUES ('20bd50a12fdf4290ba719c72bfc91849', '11');
INSERT INTO `jysystem`.`JY_BASE_ROLE_RESOURCES` (`role_id`, `resources_id`)
VALUES ('20bd50a12fdf4290ba719c72bfc91849', '15a7d1cec70c47bdbfd41c7f9c694481');
INSERT INTO `jysystem`.`JY_BASE_ROLE_RESOURCES` (`role_id`, `resources_id`)
VALUES ('20bd50a12fdf4290ba719c72bfc91849', '17325e24f35348fd9a287152e3ea8b75');
INSERT INTO `jysystem`.`JY_BASE_ROLE_RESOURCES` (`role_id`, `resources_id`)
VALUES ('20bd50a12fdf4290ba719c72bfc91849', '18756082926f41329e51d74dda3abc80');
INSERT INTO `jysystem`.`JY_BASE_ROLE_RESOURCES` (`role_id`, `resources_id`)
VALUES ('20bd50a12fdf4290ba719c72bfc91849', '1d906f69a7274cbd8b316903e66fc580');
INSERT INTO `jysystem`.`JY_BASE_ROLE_RESOURCES` (`role_id`, `resources_id`)
VALUES ('20bd50a12fdf4290ba719c72bfc91849', '1e2cd5e710224cf0ba09bbe5d4ee0009');
INSERT INTO `jysystem`.`JY_BASE_ROLE_RESOURCES` (`role_id`, `resources_id`)
VALUES ('20bd50a12fdf4290ba719c72bfc91849', '2');
INSERT INTO `jysystem`.`JY_BASE_ROLE_RESOURCES` (`role_id`, `resources_id`)
VALUES ('20bd50a12fdf4290ba719c72bfc91849', '3');
INSERT INTO `jysystem`.`JY_BASE_ROLE_RESOURCES` (`role_id`, `resources_id`)
VALUES ('20bd50a12fdf4290ba719c72bfc91849', '42a2938acb5e4a26b5ec2cc6089b7c2e');
INSERT INTO `jysystem`.`JY_BASE_ROLE_RESOURCES` (`role_id`, `resources_id`)
VALUES ('20bd50a12fdf4290ba719c72bfc91849', '47ff0c409f314b07b52ba13f1bb81586');
INSERT INTO `jysystem`.`JY_BASE_ROLE_RESOURCES` (`role_id`, `resources_id`)
VALUES ('20bd50a12fdf4290ba719c72bfc91849', '4c97ca25b7e940948b3d403c3b091c81');
INSERT INTO `jysystem`.`JY_BASE_ROLE_RESOURCES` (`role_id`, `resources_id`)
VALUES ('20bd50a12fdf4290ba719c72bfc91849', '4ee50d1722a34edeb6c15bdbf29e556b');
INSERT INTO `jysystem`.`JY_BASE_ROLE_RESOURCES` (`role_id`, `resources_id`)
VALUES ('20bd50a12fdf4290ba719c72bfc91849', '51aa6b0b037340b9ae88d22d2a354acf');
INSERT INTO `jysystem`.`JY_BASE_ROLE_RESOURCES` (`role_id`, `resources_id`)
VALUES ('20bd50a12fdf4290ba719c72bfc91849', '52910f91bf3e4b71af4ded1ef67bba48');
INSERT INTO `jysystem`.`JY_BASE_ROLE_RESOURCES` (`role_id`, `resources_id`)
VALUES ('20bd50a12fdf4290ba719c72bfc91849', '55e7a2d527564d9790b9f00a00d34634');
INSERT INTO `jysystem`.`JY_BASE_ROLE_RESOURCES` (`role_id`, `resources_id`)
VALUES ('20bd50a12fdf4290ba719c72bfc91849', '58230413e8364b67af2bb65e64252260');
INSERT INTO `jysystem`.`JY_BASE_ROLE_RESOURCES` (`role_id`, `resources_id`)
VALUES ('20bd50a12fdf4290ba719c72bfc91849', '5ba75d14f5b74572bd5ff35d12c58060');
INSERT INTO `jysystem`.`JY_BASE_ROLE_RESOURCES` (`role_id`, `resources_id`)
VALUES ('20bd50a12fdf4290ba719c72bfc91849', '72cbdeff2aea4aea8f348bb6d779a87d');
INSERT INTO `jysystem`.`JY_BASE_ROLE_RESOURCES` (`role_id`, `resources_id`)
VALUES ('20bd50a12fdf4290ba719c72bfc91849', '7537535a8b5d44009f52a3e84ca5dfd8');
INSERT INTO `jysystem`.`JY_BASE_ROLE_RESOURCES` (`role_id`, `resources_id`)
VALUES ('20bd50a12fdf4290ba719c72bfc91849', '83984d22f9da4991833f506695307b6f');
INSERT INTO `jysystem`.`JY_BASE_ROLE_RESOURCES` (`role_id`, `resources_id`)
VALUES ('20bd50a12fdf4290ba719c72bfc91849', '89ff6bdf54ca4501a264adba8eb0ee39');
INSERT INTO `jysystem`.`JY_BASE_ROLE_RESOURCES` (`role_id`, `resources_id`)
VALUES ('20bd50a12fdf4290ba719c72bfc91849', '9bc994928cc64fdca432fcad2a0b3ba9');
INSERT INTO `jysystem`.`JY_BASE_ROLE_RESOURCES` (`role_id`, `resources_id`)
VALUES ('20bd50a12fdf4290ba719c72bfc91849', '9cff3045dd824773a70c5a887a2f71ef');
INSERT INTO `jysystem`.`JY_BASE_ROLE_RESOURCES` (`role_id`, `resources_id`)
VALUES ('20bd50a12fdf4290ba719c72bfc91849', 'a103f06e9c7f4e8aafc5eaf4c735fd91');
INSERT INTO `jysystem`.`JY_BASE_ROLE_RESOURCES` (`role_id`, `resources_id`)
VALUES ('20bd50a12fdf4290ba719c72bfc91849', 'a201aa381c3447aeaae23bdb478b3a06');
INSERT INTO `jysystem`.`JY_BASE_ROLE_RESOURCES` (`role_id`, `resources_id`)
VALUES ('20bd50a12fdf4290ba719c72bfc91849', 'ae8fea67b8434987b718c51fe83bb45d');
INSERT INTO `jysystem`.`JY_BASE_ROLE_RESOURCES` (`role_id`, `resources_id`)
VALUES ('20bd50a12fdf4290ba719c72bfc91849', 'b776518dfdd940e394a15de3974a8610');
INSERT INTO `jysystem`.`JY_BASE_ROLE_RESOURCES` (`role_id`, `resources_id`)
VALUES ('20bd50a12fdf4290ba719c72bfc91849', 'b8203143736e4e549b2e0fc3c617d4c4');
INSERT INTO `jysystem`.`JY_BASE_ROLE_RESOURCES` (`role_id`, `resources_id`)
VALUES ('20bd50a12fdf4290ba719c72bfc91849', 'c73d630ab1004b5a9b71836e8b000de9');
INSERT INTO `jysystem`.`JY_BASE_ROLE_RESOURCES` (`role_id`, `resources_id`)
VALUES ('20bd50a12fdf4290ba719c72bfc91849', 'c9c822f6c7b94650a6f3944c53738caf');
INSERT INTO `jysystem`.`JY_BASE_ROLE_RESOURCES` (`role_id`, `resources_id`)
VALUES ('20bd50a12fdf4290ba719c72bfc91849', 'd22f22f0bc9a4ad2a6464cca6497a7b4');
INSERT INTO `jysystem`.`JY_BASE_ROLE_RESOURCES` (`role_id`, `resources_id`)
VALUES ('20bd50a12fdf4290ba719c72bfc91849', 'dc4a83f740f54f6b89916321968cbcd3');
INSERT INTO `jysystem`.`JY_BASE_ROLE_RESOURCES` (`role_id`, `resources_id`)
VALUES ('20bd50a12fdf4290ba719c72bfc91849', 'e49f8b358da2404293f6ac4e7f7a7a30');
INSERT INTO `jysystem`.`JY_BASE_ROLE_RESOURCES` (`role_id`, `resources_id`)
VALUES ('20bd50a12fdf4290ba719c72bfc91849', 'e750134d22094ef3a611fe8300c351e9');
INSERT INTO `jysystem`.`JY_BASE_ROLE_RESOURCES` (`role_id`, `resources_id`)
VALUES ('20bd50a12fdf4290ba719c72bfc91849', 'f541a86e629d4eefb014309c921a237e');
INSERT INTO `jysystem`.`JY_BASE_ROLE_RESOURCES` (`role_id`, `resources_id`)
VALUES ('20bd50a12fdf4290ba719c72bfc91849', 'fa04b6fe03944f2a9c040dbc9071af9b');
INSERT INTO `jysystem`.`JY_BASE_ROLE_RESOURCES` (`role_id`, `resources_id`)
VALUES ('3', '0576a0a5825a4c1eafb0fb88369e77f6');
INSERT INTO `jysystem`.`JY_BASE_ROLE_RESOURCES` (`role_id`, `resources_id`)
VALUES ('3', '08693c30017e4e45acff89d300067269');
INSERT INTO `jysystem`.`JY_BASE_ROLE_RESOURCES` (`role_id`, `resources_id`)
VALUES ('3', '0f5747e8beb24a15899cfd0c0f4c42c0');
INSERT INTO `jysystem`.`JY_BASE_ROLE_RESOURCES` (`role_id`, `resources_id`) VALUES ('3', '1');
INSERT INTO `jysystem`.`JY_BASE_ROLE_RESOURCES` (`role_id`, `resources_id`) VALUES ('3', '10');
INSERT INTO `jysystem`.`JY_BASE_ROLE_RESOURCES` (`role_id`, `resources_id`) VALUES ('3', '100');
INSERT INTO `jysystem`.`JY_BASE_ROLE_RESOURCES` (`role_id`, `resources_id`) VALUES ('3', '101');
INSERT INTO `jysystem`.`JY_BASE_ROLE_RESOURCES` (`role_id`, `resources_id`) VALUES ('3', '102');
INSERT INTO `jysystem`.`JY_BASE_ROLE_RESOURCES` (`role_id`, `resources_id`) VALUES ('3', '103');
INSERT INTO `jysystem`.`JY_BASE_ROLE_RESOURCES` (`role_id`, `resources_id`) VALUES ('3', '11');
INSERT INTO `jysystem`.`JY_BASE_ROLE_RESOURCES` (`role_id`, `resources_id`) VALUES ('3', '12');
INSERT INTO `jysystem`.`JY_BASE_ROLE_RESOURCES` (`role_id`, `resources_id`) VALUES ('3', '13');
INSERT INTO `jysystem`.`JY_BASE_ROLE_RESOURCES` (`role_id`, `resources_id`) VALUES ('3', '14');
INSERT INTO `jysystem`.`JY_BASE_ROLE_RESOURCES` (`role_id`, `resources_id`)
VALUES ('3', '15a7d1cec70c47bdbfd41c7f9c694481');
INSERT INTO `jysystem`.`JY_BASE_ROLE_RESOURCES` (`role_id`, `resources_id`)
VALUES ('3', '161848b9e16e410e9d3fac6f9c91cad5');
INSERT INTO `jysystem`.`JY_BASE_ROLE_RESOURCES` (`role_id`, `resources_id`)
VALUES ('3', '18756082926f41329e51d74dda3abc80');
INSERT INTO `jysystem`.`JY_BASE_ROLE_RESOURCES` (`role_id`, `resources_id`)
VALUES ('3', '1bc2c9d3d8e644f1a25ce8321f2faf13');
INSERT INTO `jysystem`.`JY_BASE_ROLE_RESOURCES` (`role_id`, `resources_id`)
VALUES ('3', '1d906f69a7274cbd8b316903e66fc580');
INSERT INTO `jysystem`.`JY_BASE_ROLE_RESOURCES` (`role_id`, `resources_id`)
VALUES ('3', '1e2cd5e710224cf0ba09bbe5d4ee0009');
INSERT INTO `jysystem`.`JY_BASE_ROLE_RESOURCES` (`role_id`, `resources_id`)
VALUES ('3', '1e87cc3913914c8aa80116270ed03a75');
INSERT INTO `jysystem`.`JY_BASE_ROLE_RESOURCES` (`role_id`, `resources_id`) VALUES ('3', '2');
INSERT INTO `jysystem`.`JY_BASE_ROLE_RESOURCES` (`role_id`, `resources_id`)
VALUES ('3', '21feb456e503484280232730687149f2');
INSERT INTO `jysystem`.`JY_BASE_ROLE_RESOURCES` (`role_id`, `resources_id`)
VALUES ('3', '25a4bc9c184a4d6c904ce7a3ccb26aae');
INSERT INTO `jysystem`.`JY_BASE_ROLE_RESOURCES` (`role_id`, `resources_id`)
VALUES ('3', '273e05eb764f48c18f832520e7ce141e');
INSERT INTO `jysystem`.`JY_BASE_ROLE_RESOURCES` (`role_id`, `resources_id`)
VALUES ('3', '28d4a82889c341bdaceab323b9549245');
INSERT INTO `jysystem`.`JY_BASE_ROLE_RESOURCES` (`role_id`, `resources_id`) VALUES ('3', '3');
INSERT INTO `jysystem`.`JY_BASE_ROLE_RESOURCES` (`role_id`, `resources_id`)
VALUES ('3', '31b0fe86acea4fceb184aecfe521ff0d');
INSERT INTO `jysystem`.`JY_BASE_ROLE_RESOURCES` (`role_id`, `resources_id`)
VALUES ('3', '343914e32c3b458ba797c080b0dfbf85');
INSERT INTO `jysystem`.`JY_BASE_ROLE_RESOURCES` (`role_id`, `resources_id`)
VALUES ('3', '34507436438c4c7eb9803fa160c2af3c');
INSERT INTO `jysystem`.`JY_BASE_ROLE_RESOURCES` (`role_id`, `resources_id`)
VALUES ('3', '3f184c74379c4b668030ba9e55c9caa3');
INSERT INTO `jysystem`.`JY_BASE_ROLE_RESOURCES` (`role_id`, `resources_id`) VALUES ('3', '4');
INSERT INTO `jysystem`.`JY_BASE_ROLE_RESOURCES` (`role_id`, `resources_id`)
VALUES ('3', '40a146e3febf4cafb930a077f1f048d3');
INSERT INTO `jysystem`.`JY_BASE_ROLE_RESOURCES` (`role_id`, `resources_id`) VALUES ('3', '41');
INSERT INTO `jysystem`.`JY_BASE_ROLE_RESOURCES` (`role_id`, `resources_id`)
VALUES ('3', '42a2938acb5e4a26b5ec2cc6089b7c2e');
INSERT INTO `jysystem`.`JY_BASE_ROLE_RESOURCES` (`role_id`, `resources_id`)
VALUES ('3', '47ff0c409f314b07b52ba13f1bb81586');
INSERT INTO `jysystem`.`JY_BASE_ROLE_RESOURCES` (`role_id`, `resources_id`)
VALUES ('3', '4c97ca25b7e940948b3d403c3b091c81');
INSERT INTO `jysystem`.`JY_BASE_ROLE_RESOURCES` (`role_id`, `resources_id`)
VALUES ('3', '4ee50d1722a34edeb6c15bdbf29e556b');
INSERT INTO `jysystem`.`JY_BASE_ROLE_RESOURCES` (`role_id`, `resources_id`)
VALUES ('3', '4f057f1a6d05416fbb06206b2aaffb10');
INSERT INTO `jysystem`.`JY_BASE_ROLE_RESOURCES` (`role_id`, `resources_id`) VALUES ('3', '5');
INSERT INTO `jysystem`.`JY_BASE_ROLE_RESOURCES` (`role_id`, `resources_id`)
VALUES ('3', '51424721ec1c4574b2f2a7bc1833c17f');
INSERT INTO `jysystem`.`JY_BASE_ROLE_RESOURCES` (`role_id`, `resources_id`)
VALUES ('3', '51aa6b0b037340b9ae88d22d2a354acf');
INSERT INTO `jysystem`.`JY_BASE_ROLE_RESOURCES` (`role_id`, `resources_id`)
VALUES ('3', '52910f91bf3e4b71af4ded1ef67bba48');
INSERT INTO `jysystem`.`JY_BASE_ROLE_RESOURCES` (`role_id`, `resources_id`)
VALUES ('3', '55053558dc4f4ab0983337386969aced');
INSERT INTO `jysystem`.`JY_BASE_ROLE_RESOURCES` (`role_id`, `resources_id`)
VALUES ('3', '55e7a2d527564d9790b9f00a00d34634');
INSERT INTO `jysystem`.`JY_BASE_ROLE_RESOURCES` (`role_id`, `resources_id`)
VALUES ('3', '58230413e8364b67af2bb65e64252260');
INSERT INTO `jysystem`.`JY_BASE_ROLE_RESOURCES` (`role_id`, `resources_id`)
VALUES ('3', '5ba75d14f5b74572bd5ff35d12c58060');
INSERT INTO `jysystem`.`JY_BASE_ROLE_RESOURCES` (`role_id`, `resources_id`)
VALUES ('3', '5d1b45e9b6a84bccb212758ce8f2e906');
INSERT INTO `jysystem`.`JY_BASE_ROLE_RESOURCES` (`role_id`, `resources_id`) VALUES ('3', '6');
INSERT INTO `jysystem`.`JY_BASE_ROLE_RESOURCES` (`role_id`, `resources_id`)
VALUES ('3', '6d44f1553c424e5c81bd3ed9a4e162f3');
INSERT INTO `jysystem`.`JY_BASE_ROLE_RESOURCES` (`role_id`, `resources_id`)
VALUES ('3', '6ea62cf0820248a6a2780a885b82a99d');
INSERT INTO `jysystem`.`JY_BASE_ROLE_RESOURCES` (`role_id`, `resources_id`)
VALUES ('3', '72cbdeff2aea4aea8f348bb6d779a87d');
INSERT INTO `jysystem`.`JY_BASE_ROLE_RESOURCES` (`role_id`, `resources_id`)
VALUES ('3', '747a8ddc90b844c3a12dbe920e777052');
INSERT INTO `jysystem`.`JY_BASE_ROLE_RESOURCES` (`role_id`, `resources_id`)
VALUES ('3', '75288771d60d4510affe8cb97f42897f');
INSERT INTO `jysystem`.`JY_BASE_ROLE_RESOURCES` (`role_id`, `resources_id`)
VALUES ('3', '7579afb168b04a3d99fff9dbe956936e');
INSERT INTO `jysystem`.`JY_BASE_ROLE_RESOURCES` (`role_id`, `resources_id`)
VALUES ('3', '78b1bf1c0723433099c458e75a8c6901');
INSERT INTO `jysystem`.`JY_BASE_ROLE_RESOURCES` (`role_id`, `resources_id`)
VALUES ('3', '79a76d451f3948f4963b97b6d5bbbf3c');
INSERT INTO `jysystem`.`JY_BASE_ROLE_RESOURCES` (`role_id`, `resources_id`)
VALUES ('3', '7b30d8d43df347ada558df820bbec28b');
INSERT INTO `jysystem`.`JY_BASE_ROLE_RESOURCES` (`role_id`, `resources_id`)
VALUES ('3', '7c1741c605c148c29113ac804f68f52b');
INSERT INTO `jysystem`.`JY_BASE_ROLE_RESOURCES` (`role_id`, `resources_id`)
VALUES ('3', '7d6a6b7594b14807a3def610f6595804');
INSERT INTO `jysystem`.`JY_BASE_ROLE_RESOURCES` (`role_id`, `resources_id`)
VALUES ('3', '82652011fe8549d18d4652567f7b1610');
INSERT INTO `jysystem`.`JY_BASE_ROLE_RESOURCES` (`role_id`, `resources_id`)
VALUES ('3', '83984d22f9da4991833f506695307b6f');
INSERT INTO `jysystem`.`JY_BASE_ROLE_RESOURCES` (`role_id`, `resources_id`)
VALUES ('3', '89ff6bdf54ca4501a264adba8eb0ee39');
INSERT INTO `jysystem`.`JY_BASE_ROLE_RESOURCES` (`role_id`, `resources_id`)
VALUES ('3', '9575841c8b6a4c58b10e97d82320fd02');
INSERT INTO `jysystem`.`JY_BASE_ROLE_RESOURCES` (`role_id`, `resources_id`)
VALUES ('3', '9ba1dbda9e414eff8591cda4aea34c32');
INSERT INTO `jysystem`.`JY_BASE_ROLE_RESOURCES` (`role_id`, `resources_id`)
VALUES ('3', '9bc994928cc64fdca432fcad2a0b3ba9');
INSERT INTO `jysystem`.`JY_BASE_ROLE_RESOURCES` (`role_id`, `resources_id`)
VALUES ('3', '9bd48a7e0ca74b77b577411c8e4b7c2b');
INSERT INTO `jysystem`.`JY_BASE_ROLE_RESOURCES` (`role_id`, `resources_id`)
VALUES ('3', '9cff3045dd824773a70c5a887a2f71ef');
INSERT INTO `jysystem`.`JY_BASE_ROLE_RESOURCES` (`role_id`, `resources_id`)
VALUES ('3', 'a103f06e9c7f4e8aafc5eaf4c735fd91');
INSERT INTO `jysystem`.`JY_BASE_ROLE_RESOURCES` (`role_id`, `resources_id`)
VALUES ('3', 'a1b4ef2728d9456aa4e9a85d68c6029e');
INSERT INTO `jysystem`.`JY_BASE_ROLE_RESOURCES` (`role_id`, `resources_id`)
VALUES ('3', 'a201aa381c3447aeaae23bdb478b3a06');
INSERT INTO `jysystem`.`JY_BASE_ROLE_RESOURCES` (`role_id`, `resources_id`)
VALUES ('3', 'a213cc3a8be64a77b9d8673619230a87');
INSERT INTO `jysystem`.`JY_BASE_ROLE_RESOURCES` (`role_id`, `resources_id`)
VALUES ('3', 'a2eea33defc64462b3b3df9e64c461fb');
INSERT INTO `jysystem`.`JY_BASE_ROLE_RESOURCES` (`role_id`, `resources_id`)
VALUES ('3', 'ae8fea67b8434987b718c51fe83bb45d');
INSERT INTO `jysystem`.`JY_BASE_ROLE_RESOURCES` (`role_id`, `resources_id`)
VALUES ('3', 'b776518dfdd940e394a15de3974a8610');
INSERT INTO `jysystem`.`JY_BASE_ROLE_RESOURCES` (`role_id`, `resources_id`)
VALUES ('3', 'b78f7224d001404c92479532c614dffa');
INSERT INTO `jysystem`.`JY_BASE_ROLE_RESOURCES` (`role_id`, `resources_id`)
VALUES ('3', 'b7d11fca02b04742814eb664454d7473');
INSERT INTO `jysystem`.`JY_BASE_ROLE_RESOURCES` (`role_id`, `resources_id`)
VALUES ('3', 'b8203143736e4e549b2e0fc3c617d4c4');
INSERT INTO `jysystem`.`JY_BASE_ROLE_RESOURCES` (`role_id`, `resources_id`)
VALUES ('3', 'bf888841c15e4da5858299ef99376eb4');
INSERT INTO `jysystem`.`JY_BASE_ROLE_RESOURCES` (`role_id`, `resources_id`)
VALUES ('3', 'c669fba98a9446999b62d15bfff1c412');
INSERT INTO `jysystem`.`JY_BASE_ROLE_RESOURCES` (`role_id`, `resources_id`)
VALUES ('3', 'c9c822f6c7b94650a6f3944c53738caf');
INSERT INTO `jysystem`.`JY_BASE_ROLE_RESOURCES` (`role_id`, `resources_id`)
VALUES ('3', 'cd7ef89bf12f4ceb98861cf2bcbc96b1');
INSERT INTO `jysystem`.`JY_BASE_ROLE_RESOURCES` (`role_id`, `resources_id`)
VALUES ('3', 'd22f22f0bc9a4ad2a6464cca6497a7b4');
INSERT INTO `jysystem`.`JY_BASE_ROLE_RESOURCES` (`role_id`, `resources_id`)
VALUES ('3', 'dbb1d5db4d7b419db1d221b102a7ad51');
INSERT INTO `jysystem`.`JY_BASE_ROLE_RESOURCES` (`role_id`, `resources_id`)
VALUES ('3', 'dc4a83f740f54f6b89916321968cbcd3');
INSERT INTO `jysystem`.`JY_BASE_ROLE_RESOURCES` (`role_id`, `resources_id`)
VALUES ('3', 'dde1c043e77d48b4ac2f15806a0aec14');
INSERT INTO `jysystem`.`JY_BASE_ROLE_RESOURCES` (`role_id`, `resources_id`)
VALUES ('3', 'de998a250fcb4c2ab88981f2093d54f3');
INSERT INTO `jysystem`.`JY_BASE_ROLE_RESOURCES` (`role_id`, `resources_id`)
VALUES ('3', 'e49f8b358da2404293f6ac4e7f7a7a30');
INSERT INTO `jysystem`.`JY_BASE_ROLE_RESOURCES` (`role_id`, `resources_id`)
VALUES ('3', 'e750134d22094ef3a611fe8300c351e9');
INSERT INTO `jysystem`.`JY_BASE_ROLE_RESOURCES` (`role_id`, `resources_id`)
VALUES ('3', 'e9480dd6590a4e14a443ee8f76873fd3');
INSERT INTO `jysystem`.`JY_BASE_ROLE_RESOURCES` (`role_id`, `resources_id`)
VALUES ('3', 'ef3a950b6154459589acc7dd7145e0ed');
INSERT INTO `jysystem`.`JY_BASE_ROLE_RESOURCES` (`role_id`, `resources_id`)
VALUES ('3', 'f541a86e629d4eefb014309c921a237e');
INSERT INTO `jysystem`.`JY_BASE_ROLE_RESOURCES` (`role_id`, `resources_id`)
VALUES ('3', 'fa04b6fe03944f2a9c040dbc9071af9b');
INSERT INTO `jysystem`.`JY_BASE_ROLE_RESOURCES` (`role_id`, `resources_id`)
VALUES ('4', '0576a0a5825a4c1eafb0fb88369e77f6');
INSERT INTO `jysystem`.`JY_BASE_ROLE_RESOURCES` (`role_id`, `resources_id`)
VALUES ('4', '08693c30017e4e45acff89d300067269');
INSERT INTO `jysystem`.`JY_BASE_ROLE_RESOURCES` (`role_id`, `resources_id`)
VALUES ('4', '0f5747e8beb24a15899cfd0c0f4c42c0');
INSERT INTO `jysystem`.`JY_BASE_ROLE_RESOURCES` (`role_id`, `resources_id`) VALUES ('4', '1');
INSERT INTO `jysystem`.`JY_BASE_ROLE_RESOURCES` (`role_id`, `resources_id`) VALUES ('4', '10');
INSERT INTO `jysystem`.`JY_BASE_ROLE_RESOURCES` (`role_id`, `resources_id`) VALUES ('4', '100');
INSERT INTO `jysystem`.`JY_BASE_ROLE_RESOURCES` (`role_id`, `resources_id`) VALUES ('4', '101');
INSERT INTO `jysystem`.`JY_BASE_ROLE_RESOURCES` (`role_id`, `resources_id`) VALUES ('4', '102');
INSERT INTO `jysystem`.`JY_BASE_ROLE_RESOURCES` (`role_id`, `resources_id`) VALUES ('4', '103');
INSERT INTO `jysystem`.`JY_BASE_ROLE_RESOURCES` (`role_id`, `resources_id`) VALUES ('4', '11');
INSERT INTO `jysystem`.`JY_BASE_ROLE_RESOURCES` (`role_id`, `resources_id`) VALUES ('4', '12');
INSERT INTO `jysystem`.`JY_BASE_ROLE_RESOURCES` (`role_id`, `resources_id`) VALUES ('4', '13');
INSERT INTO `jysystem`.`JY_BASE_ROLE_RESOURCES` (`role_id`, `resources_id`) VALUES ('4', '14');
INSERT INTO `jysystem`.`JY_BASE_ROLE_RESOURCES` (`role_id`, `resources_id`)
VALUES ('4', '15a7d1cec70c47bdbfd41c7f9c694481');
INSERT INTO `jysystem`.`JY_BASE_ROLE_RESOURCES` (`role_id`, `resources_id`)
VALUES ('4', '161848b9e16e410e9d3fac6f9c91cad5');
INSERT INTO `jysystem`.`JY_BASE_ROLE_RESOURCES` (`role_id`, `resources_id`)
VALUES ('4', '17325e24f35348fd9a287152e3ea8b75');
INSERT INTO `jysystem`.`JY_BASE_ROLE_RESOURCES` (`role_id`, `resources_id`)
VALUES ('4', '18756082926f41329e51d74dda3abc80');
INSERT INTO `jysystem`.`JY_BASE_ROLE_RESOURCES` (`role_id`, `resources_id`)
VALUES ('4', '1bc2c9d3d8e644f1a25ce8321f2faf13');
INSERT INTO `jysystem`.`JY_BASE_ROLE_RESOURCES` (`role_id`, `resources_id`)
VALUES ('4', '1d906f69a7274cbd8b316903e66fc580');
INSERT INTO `jysystem`.`JY_BASE_ROLE_RESOURCES` (`role_id`, `resources_id`)
VALUES ('4', '1e2cd5e710224cf0ba09bbe5d4ee0009');
INSERT INTO `jysystem`.`JY_BASE_ROLE_RESOURCES` (`role_id`, `resources_id`)
VALUES ('4', '1e87cc3913914c8aa80116270ed03a75');
INSERT INTO `jysystem`.`JY_BASE_ROLE_RESOURCES` (`role_id`, `resources_id`) VALUES ('4', '2');
INSERT INTO `jysystem`.`JY_BASE_ROLE_RESOURCES` (`role_id`, `resources_id`)
VALUES ('4', '21feb456e503484280232730687149f2');
INSERT INTO `jysystem`.`JY_BASE_ROLE_RESOURCES` (`role_id`, `resources_id`)
VALUES ('4', '25a4bc9c184a4d6c904ce7a3ccb26aae');
INSERT INTO `jysystem`.`JY_BASE_ROLE_RESOURCES` (`role_id`, `resources_id`)
VALUES ('4', '273e05eb764f48c18f832520e7ce141e');
INSERT INTO `jysystem`.`JY_BASE_ROLE_RESOURCES` (`role_id`, `resources_id`)
VALUES ('4', '28d4a82889c341bdaceab323b9549245');
INSERT INTO `jysystem`.`JY_BASE_ROLE_RESOURCES` (`role_id`, `resources_id`) VALUES ('4', '3');
INSERT INTO `jysystem`.`JY_BASE_ROLE_RESOURCES` (`role_id`, `resources_id`)
VALUES ('4', '31b0fe86acea4fceb184aecfe521ff0d');
INSERT INTO `jysystem`.`JY_BASE_ROLE_RESOURCES` (`role_id`, `resources_id`)
VALUES ('4', '332072af224d42a4b2f340f30355b1e1');
INSERT INTO `jysystem`.`JY_BASE_ROLE_RESOURCES` (`role_id`, `resources_id`)
VALUES ('4', '343914e32c3b458ba797c080b0dfbf85');
INSERT INTO `jysystem`.`JY_BASE_ROLE_RESOURCES` (`role_id`, `resources_id`)
VALUES ('4', '34507436438c4c7eb9803fa160c2af3c');
INSERT INTO `jysystem`.`JY_BASE_ROLE_RESOURCES` (`role_id`, `resources_id`)
VALUES ('4', '3f184c74379c4b668030ba9e55c9caa3');
INSERT INTO `jysystem`.`JY_BASE_ROLE_RESOURCES` (`role_id`, `resources_id`) VALUES ('4', '4');
INSERT INTO `jysystem`.`JY_BASE_ROLE_RESOURCES` (`role_id`, `resources_id`) VALUES ('4', '404');
INSERT INTO `jysystem`.`JY_BASE_ROLE_RESOURCES` (`role_id`, `resources_id`)
VALUES ('4', '40a146e3febf4cafb930a077f1f048d3');
INSERT INTO `jysystem`.`JY_BASE_ROLE_RESOURCES` (`role_id`, `resources_id`) VALUES ('4', '41');
INSERT INTO `jysystem`.`JY_BASE_ROLE_RESOURCES` (`role_id`, `resources_id`)
VALUES ('4', '42a2938acb5e4a26b5ec2cc6089b7c2e');
INSERT INTO `jysystem`.`JY_BASE_ROLE_RESOURCES` (`role_id`, `resources_id`)
VALUES ('4', '47ff0c409f314b07b52ba13f1bb81586');
INSERT INTO `jysystem`.`JY_BASE_ROLE_RESOURCES` (`role_id`, `resources_id`)
VALUES ('4', '4c97ca25b7e940948b3d403c3b091c81');
INSERT INTO `jysystem`.`JY_BASE_ROLE_RESOURCES` (`role_id`, `resources_id`)
VALUES ('4', '4ee50d1722a34edeb6c15bdbf29e556b');
INSERT INTO `jysystem`.`JY_BASE_ROLE_RESOURCES` (`role_id`, `resources_id`)
VALUES ('4', '4f057f1a6d05416fbb06206b2aaffb10');
INSERT INTO `jysystem`.`JY_BASE_ROLE_RESOURCES` (`role_id`, `resources_id`) VALUES ('4', '5');
INSERT INTO `jysystem`.`JY_BASE_ROLE_RESOURCES` (`role_id`, `resources_id`)
VALUES ('4', '51424721ec1c4574b2f2a7bc1833c17f');
INSERT INTO `jysystem`.`JY_BASE_ROLE_RESOURCES` (`role_id`, `resources_id`)
VALUES ('4', '51aa6b0b037340b9ae88d22d2a354acf');
INSERT INTO `jysystem`.`JY_BASE_ROLE_RESOURCES` (`role_id`, `resources_id`)
VALUES ('4', '52910f91bf3e4b71af4ded1ef67bba48');
INSERT INTO `jysystem`.`JY_BASE_ROLE_RESOURCES` (`role_id`, `resources_id`)
VALUES ('4', '55053558dc4f4ab0983337386969aced');
INSERT INTO `jysystem`.`JY_BASE_ROLE_RESOURCES` (`role_id`, `resources_id`)
VALUES ('4', '55e7a2d527564d9790b9f00a00d34634');
INSERT INTO `jysystem`.`JY_BASE_ROLE_RESOURCES` (`role_id`, `resources_id`)
VALUES ('4', '58230413e8364b67af2bb65e64252260');
INSERT INTO `jysystem`.`JY_BASE_ROLE_RESOURCES` (`role_id`, `resources_id`)
VALUES ('4', '5ba75d14f5b74572bd5ff35d12c58060');
INSERT INTO `jysystem`.`JY_BASE_ROLE_RESOURCES` (`role_id`, `resources_id`)
VALUES ('4', '5d1b45e9b6a84bccb212758ce8f2e906');
INSERT INTO `jysystem`.`JY_BASE_ROLE_RESOURCES` (`role_id`, `resources_id`) VALUES ('4', '6');
INSERT INTO `jysystem`.`JY_BASE_ROLE_RESOURCES` (`role_id`, `resources_id`)
VALUES ('4', '6d44f1553c424e5c81bd3ed9a4e162f3');
INSERT INTO `jysystem`.`JY_BASE_ROLE_RESOURCES` (`role_id`, `resources_id`)
VALUES ('4', '6ea62cf0820248a6a2780a885b82a99d');
INSERT INTO `jysystem`.`JY_BASE_ROLE_RESOURCES` (`role_id`, `resources_id`)
VALUES ('4', '72cbdeff2aea4aea8f348bb6d779a87d');
INSERT INTO `jysystem`.`JY_BASE_ROLE_RESOURCES` (`role_id`, `resources_id`)
VALUES ('4', '747a8ddc90b844c3a12dbe920e777052');
INSERT INTO `jysystem`.`JY_BASE_ROLE_RESOURCES` (`role_id`, `resources_id`)
VALUES ('4', '75288771d60d4510affe8cb97f42897f');
INSERT INTO `jysystem`.`JY_BASE_ROLE_RESOURCES` (`role_id`, `resources_id`)
VALUES ('4', '7537535a8b5d44009f52a3e84ca5dfd8');
INSERT INTO `jysystem`.`JY_BASE_ROLE_RESOURCES` (`role_id`, `resources_id`)
VALUES ('4', '7579afb168b04a3d99fff9dbe956936e');
INSERT INTO `jysystem`.`JY_BASE_ROLE_RESOURCES` (`role_id`, `resources_id`)
VALUES ('4', '78b1bf1c0723433099c458e75a8c6901');
INSERT INTO `jysystem`.`JY_BASE_ROLE_RESOURCES` (`role_id`, `resources_id`)
VALUES ('4', '79a76d451f3948f4963b97b6d5bbbf3c');
INSERT INTO `jysystem`.`JY_BASE_ROLE_RESOURCES` (`role_id`, `resources_id`)
VALUES ('4', '7b30d8d43df347ada558df820bbec28b');
INSERT INTO `jysystem`.`JY_BASE_ROLE_RESOURCES` (`role_id`, `resources_id`)
VALUES ('4', '7c1741c605c148c29113ac804f68f52b');
INSERT INTO `jysystem`.`JY_BASE_ROLE_RESOURCES` (`role_id`, `resources_id`)
VALUES ('4', '7d6a6b7594b14807a3def610f6595804');
INSERT INTO `jysystem`.`JY_BASE_ROLE_RESOURCES` (`role_id`, `resources_id`)
VALUES ('4', '82652011fe8549d18d4652567f7b1610');
INSERT INTO `jysystem`.`JY_BASE_ROLE_RESOURCES` (`role_id`, `resources_id`)
VALUES ('4', '83984d22f9da4991833f506695307b6f');
INSERT INTO `jysystem`.`JY_BASE_ROLE_RESOURCES` (`role_id`, `resources_id`)
VALUES ('4', '89ff6bdf54ca4501a264adba8eb0ee39');
INSERT INTO `jysystem`.`JY_BASE_ROLE_RESOURCES` (`role_id`, `resources_id`)
VALUES ('4', '9575841c8b6a4c58b10e97d82320fd02');
INSERT INTO `jysystem`.`JY_BASE_ROLE_RESOURCES` (`role_id`, `resources_id`)
VALUES ('4', '9727f259cd8542fc8756b7b9cee9dd54');
INSERT INTO `jysystem`.`JY_BASE_ROLE_RESOURCES` (`role_id`, `resources_id`)
VALUES ('4', '9ba1dbda9e414eff8591cda4aea34c32');
INSERT INTO `jysystem`.`JY_BASE_ROLE_RESOURCES` (`role_id`, `resources_id`)
VALUES ('4', '9bc994928cc64fdca432fcad2a0b3ba9');
INSERT INTO `jysystem`.`JY_BASE_ROLE_RESOURCES` (`role_id`, `resources_id`)
VALUES ('4', '9bd48a7e0ca74b77b577411c8e4b7c2b');
INSERT INTO `jysystem`.`JY_BASE_ROLE_RESOURCES` (`role_id`, `resources_id`)
VALUES ('4', '9cff3045dd824773a70c5a887a2f71ef');
INSERT INTO `jysystem`.`JY_BASE_ROLE_RESOURCES` (`role_id`, `resources_id`)
VALUES ('4', 'a103f06e9c7f4e8aafc5eaf4c735fd91');
INSERT INTO `jysystem`.`JY_BASE_ROLE_RESOURCES` (`role_id`, `resources_id`)
VALUES ('4', 'a1b4ef2728d9456aa4e9a85d68c6029e');
INSERT INTO `jysystem`.`JY_BASE_ROLE_RESOURCES` (`role_id`, `resources_id`)
VALUES ('4', 'a201aa381c3447aeaae23bdb478b3a06');
INSERT INTO `jysystem`.`JY_BASE_ROLE_RESOURCES` (`role_id`, `resources_id`)
VALUES ('4', 'a213cc3a8be64a77b9d8673619230a87');
INSERT INTO `jysystem`.`JY_BASE_ROLE_RESOURCES` (`role_id`, `resources_id`)
VALUES ('4', 'a2eea33defc64462b3b3df9e64c461fb');
INSERT INTO `jysystem`.`JY_BASE_ROLE_RESOURCES` (`role_id`, `resources_id`)
VALUES ('4', 'ae8fea67b8434987b718c51fe83bb45d');
INSERT INTO `jysystem`.`JY_BASE_ROLE_RESOURCES` (`role_id`, `resources_id`)
VALUES ('4', 'b776518dfdd940e394a15de3974a8610');
INSERT INTO `jysystem`.`JY_BASE_ROLE_RESOURCES` (`role_id`, `resources_id`)
VALUES ('4', 'b78f7224d001404c92479532c614dffa');
INSERT INTO `jysystem`.`JY_BASE_ROLE_RESOURCES` (`role_id`, `resources_id`)
VALUES ('4', 'b7d11fca02b04742814eb664454d7473');
INSERT INTO `jysystem`.`JY_BASE_ROLE_RESOURCES` (`role_id`, `resources_id`)
VALUES ('4', 'b8203143736e4e549b2e0fc3c617d4c4');
INSERT INTO `jysystem`.`JY_BASE_ROLE_RESOURCES` (`role_id`, `resources_id`)
VALUES ('4', 'bf888841c15e4da5858299ef99376eb4');
INSERT INTO `jysystem`.`JY_BASE_ROLE_RESOURCES` (`role_id`, `resources_id`)
VALUES ('4', 'c669fba98a9446999b62d15bfff1c412');
INSERT INTO `jysystem`.`JY_BASE_ROLE_RESOURCES` (`role_id`, `resources_id`)
VALUES ('4', 'c73d630ab1004b5a9b71836e8b000de9');
INSERT INTO `jysystem`.`JY_BASE_ROLE_RESOURCES` (`role_id`, `resources_id`)
VALUES ('4', 'c9c822f6c7b94650a6f3944c53738caf');
INSERT INTO `jysystem`.`JY_BASE_ROLE_RESOURCES` (`role_id`, `resources_id`)
VALUES ('4', 'cd7ef89bf12f4ceb98861cf2bcbc96b1');
INSERT INTO `jysystem`.`JY_BASE_ROLE_RESOURCES` (`role_id`, `resources_id`)
VALUES ('4', 'd22f22f0bc9a4ad2a6464cca6497a7b4');
INSERT INTO `jysystem`.`JY_BASE_ROLE_RESOURCES` (`role_id`, `resources_id`)
VALUES ('4', 'dbb1d5db4d7b419db1d221b102a7ad51');
INSERT INTO `jysystem`.`JY_BASE_ROLE_RESOURCES` (`role_id`, `resources_id`)
VALUES ('4', 'dc4a83f740f54f6b89916321968cbcd3');
INSERT INTO `jysystem`.`JY_BASE_ROLE_RESOURCES` (`role_id`, `resources_id`)
VALUES ('4', 'dde1c043e77d48b4ac2f15806a0aec14');
INSERT INTO `jysystem`.`JY_BASE_ROLE_RESOURCES` (`role_id`, `resources_id`)
VALUES ('4', 'de998a250fcb4c2ab88981f2093d54f3');
INSERT INTO `jysystem`.`JY_BASE_ROLE_RESOURCES` (`role_id`, `resources_id`)
VALUES ('4', 'e49f8b358da2404293f6ac4e7f7a7a30');
INSERT INTO `jysystem`.`JY_BASE_ROLE_RESOURCES` (`role_id`, `resources_id`)
VALUES ('4', 'e750134d22094ef3a611fe8300c351e9');
INSERT INTO `jysystem`.`JY_BASE_ROLE_RESOURCES` (`role_id`, `resources_id`)
VALUES ('4', 'e9480dd6590a4e14a443ee8f76873fd3');
INSERT INTO `jysystem`.`JY_BASE_ROLE_RESOURCES` (`role_id`, `resources_id`)
VALUES ('4', 'ef3a950b6154459589acc7dd7145e0ed');
INSERT INTO `jysystem`.`JY_BASE_ROLE_RESOURCES` (`role_id`, `resources_id`)
VALUES ('4', 'f541a86e629d4eefb014309c921a237e');
INSERT INTO `jysystem`.`JY_BASE_ROLE_RESOURCES` (`role_id`, `resources_id`)
VALUES ('4', 'fa04b6fe03944f2a9c040dbc9071af9b');

INSERT INTO `jysystem`.`JY_DATA_DICT` (`id`, `dataKey`, `name`, `isValid`, `description`, `createTime`, `updateTime`)
VALUES ('3900a412e51e43ff83a08c732095b2a3', 'leaveType', '请假类型', '1', '请假申请使用', '2016-01-21 12:56:25', NULL);
INSERT INTO `jysystem`.`JY_DATA_DICT` (`id`, `dataKey`, `name`, `isValid`, `description`, `createTime`, `updateTime`)
VALUES
  ('741cae2856aa43d3bb6cc60c8ed2d8a9', 'isTask', '任务状态', '1', '任务使用', '2015-12-24 13:01:11', '2015-12-30 20:12:35');
INSERT INTO `jysystem`.`JY_DATA_DICT` (`id`, `dataKey`, `name`, `isValid`, `description`, `createTime`, `updateTime`)
VALUES ('9f5bf53e0027414c96002f8a1114aaf6', 'positionType', '职务类别', '1', '职务管理使用', '2016-01-22 16:13:58',
        '2016-01-22 16:14:13');
INSERT INTO `jysystem`.`JY_DATA_DICT` (`id`, `dataKey`, `name`, `isValid`, `description`, `createTime`, `updateTime`)
VALUES
  ('aac903e055014b68a3f09f8eb9ace6bc', 'logType', '日志类型', '1', '日志使用', '2015-12-24 20:39:15', '2015-12-24 20:39:25');
INSERT INTO `jysystem`.`JY_DATA_DICT` (`id`, `dataKey`, `name`, `isValid`, `description`, `createTime`, `updateTime`)
VALUES ('d6336e1e3ba64dfd885e930eb9d88e32', 'isValid', '状态', '1', '全局使用', '2015-11-20 15:56:20', '2015-12-09 20:56:38');
INSERT INTO `jysystem`.`JY_DATA_DICT` (`id`, `dataKey`, `name`, `isValid`, `description`, `createTime`, `updateTime`)
VALUES ('e9e083a918dd407aa5d710cdcd3b46a1', '1', '1', '1', '1', '2016-01-26 21:42:16', NULL);
INSERT INTO `jysystem`.`JY_DATA_DICT` (`id`, `dataKey`, `name`, `isValid`, `description`, `createTime`, `updateTime`)
VALUES ('ebf0c2e03e0340048ee53e3e7c3f0805', 'wxSubscribe', '订阅情况', '1', '微信关注者使用', '2015-12-30 15:33:27', NULL);

INSERT INTO `jysystem`.`JY_DATA_DICT_ITEM` (`dictId`, `value`, `name`, `sort`)
VALUES ('3900a412e51e43ff83a08c732095b2a3', 'bj', '病假', '3');
INSERT INTO `jysystem`.`JY_DATA_DICT_ITEM` (`dictId`, `value`, `name`, `sort`)
VALUES ('3900a412e51e43ff83a08c732095b2a3', 'gsj', '工伤假', '2');
INSERT INTO `jysystem`.`JY_DATA_DICT_ITEM` (`dictId`, `value`, `name`, `sort`)
VALUES ('3900a412e51e43ff83a08c732095b2a3', 'hj', '婚假', '6');
INSERT INTO `jysystem`.`JY_DATA_DICT_ITEM` (`dictId`, `value`, `name`, `sort`)
VALUES ('3900a412e51e43ff83a08c732095b2a3', 'nj', '年假', '1');
INSERT INTO `jysystem`.`JY_DATA_DICT_ITEM` (`dictId`, `value`, `name`, `sort`)
VALUES ('3900a412e51e43ff83a08c732095b2a3', 'sangj', '丧假', '7');
INSERT INTO `jysystem`.`JY_DATA_DICT_ITEM` (`dictId`, `value`, `name`, `sort`)
VALUES ('3900a412e51e43ff83a08c732095b2a3', 'shij', '事假', '4');
INSERT INTO `jysystem`.`JY_DATA_DICT_ITEM` (`dictId`, `value`, `name`, `sort`)
VALUES ('3900a412e51e43ff83a08c732095b2a3', 'syj', '生育假', '5');
INSERT INTO `jysystem`.`JY_DATA_DICT_ITEM` (`dictId`, `value`, `name`, `sort`)
VALUES ('741cae2856aa43d3bb6cc60c8ed2d8a9', '0', '停用', '2');
INSERT INTO `jysystem`.`JY_DATA_DICT_ITEM` (`dictId`, `value`, `name`, `sort`)
VALUES ('741cae2856aa43d3bb6cc60c8ed2d8a9', '1', '启用', '1');
INSERT INTO `jysystem`.`JY_DATA_DICT_ITEM` (`dictId`, `value`, `name`, `sort`)
VALUES ('9f5bf53e0027414c96002f8a1114aaf6', 'gmanager', '总经理', '2');
INSERT INTO `jysystem`.`JY_DATA_DICT_ITEM` (`dictId`, `value`, `name`, `sort`)
VALUES ('9f5bf53e0027414c96002f8a1114aaf6', 'manager', '经理', '1');
INSERT INTO `jysystem`.`JY_DATA_DICT_ITEM` (`dictId`, `value`, `name`, `sort`)
VALUES ('9f5bf53e0027414c96002f8a1114aaf6', 'president', '董事长', '3');
INSERT INTO `jysystem`.`JY_DATA_DICT_ITEM` (`dictId`, `value`, `name`, `sort`)
VALUES ('aac903e055014b68a3f09f8eb9ace6bc', '1', '正常', '1');
INSERT INTO `jysystem`.`JY_DATA_DICT_ITEM` (`dictId`, `value`, `name`, `sort`)
VALUES ('aac903e055014b68a3f09f8eb9ace6bc', '2', '异常', '2');
INSERT INTO `jysystem`.`JY_DATA_DICT_ITEM` (`dictId`, `value`, `name`, `sort`)
VALUES ('d6336e1e3ba64dfd885e930eb9d88e32', '0', '无效', '2');
INSERT INTO `jysystem`.`JY_DATA_DICT_ITEM` (`dictId`, `value`, `name`, `sort`)
VALUES ('d6336e1e3ba64dfd885e930eb9d88e32', '1', '有效', '1');
INSERT INTO `jysystem`.`JY_DATA_DICT_ITEM` (`dictId`, `value`, `name`, `sort`)
VALUES ('e9e083a918dd407aa5d710cdcd3b46a1', '1', '1', '1');
INSERT INTO `jysystem`.`JY_DATA_DICT_ITEM` (`dictId`, `value`, `name`, `sort`)
VALUES ('e9e083a918dd407aa5d710cdcd3b46a1', '2', '2', '2');
INSERT INTO `jysystem`.`JY_DATA_DICT_ITEM` (`dictId`, `value`, `name`, `sort`)
VALUES ('ebf0c2e03e0340048ee53e3e7c3f0805', '0', '退订', '2');
INSERT INTO `jysystem`.`JY_DATA_DICT_ITEM` (`dictId`, `value`, `name`, `sort`)
VALUES ('ebf0c2e03e0340048ee53e3e7c3f0805', '1', '订阅', '1');

INSERT INTO `jysystem`.`JY_SYS_DICT` (`id`, `paramKey`, `paramName`, `paramValue`, `isValid`, `description`, `createTime`, `updateTime`)
VALUES ('66a38d9aba5142cb9f07ce5e73e5cb5e', 'gjcss', '高级测试师', '3', '1', '', '2015-12-13 23:39:26', NULL);
INSERT INTO `jysystem`.`JY_SYS_DICT` (`id`, `paramKey`, `paramName`, `paramValue`, `isValid`, `description`, `createTime`, `updateTime`)
VALUES
  ('a1b4403be93a417897269fcabed19c06', 'kfgcs', '开发工程师', '1', '1', '', '2015-12-13 23:38:15', '2015-12-13 23:38:46');
INSERT INTO `jysystem`.`JY_SYS_DICT` (`id`, `paramKey`, `paramName`, `paramValue`, `isValid`, `description`, `createTime`, `updateTime`)
VALUES
  ('d8a7e57a1447450c97d61aa1df65e41a', 'xtfxs', '系统分析师', '2', '1', '', '2015-12-13 23:38:36', '2016-01-30 17:29:59');

INSERT INTO `jysystem`.`JY_TASK_SCHEDULE` (`scheduleJobId`, `jobName`, `jobGroup`, `aliasName`, `jobClass`, `status`, `cronExpression`, `description`, `createTime`, `updateTime`)
VALUES ('10001', 'myTask', 'dataWork', '获取天气', 'com.jy.task.job.WeatherJob', '0', '0 0 0,13,18,21 * * ?',
        '通过接口获取天气：每天的0点、13点、18点、21点都执行一次', '2015-12-23 13:37:45', '2015-12-30 20:11:49');
INSERT INTO `jysystem`.`JY_TASK_SCHEDULE` (`scheduleJobId`, `jobName`, `jobGroup`, `aliasName`, `jobClass`, `status`, `cronExpression`, `description`, `createTime`, `updateTime`)
VALUES
  ('18cd508664204f65b491aca8336e0748', 'syncFollower', 'weixin', NULL, 'com.jy.task.job.weixn.SyncFollowerJob', '0',
   '0 0 1 * * ?', '微信：每天凌晨1点执行', '2015-12-30 18:56:33', '2016-01-30 18:05:27');
INSERT INTO `jysystem`.`JY_TASK_SCHEDULE` (`scheduleJobId`, `jobName`, `jobGroup`, `aliasName`, `jobClass`, `status`, `cronExpression`, `description`, `createTime`, `updateTime`)
VALUES ('2bad38cb73364ac8b63ca47752307133', 'normal', 'test', '测正常任务', 'com.jy.task.job.Test', '0', '/10 * * * * ?',
        '测试正常任务', '2015-12-24 17:16:22', '2015-12-30 20:10:46');
INSERT INTO `jysystem`.`JY_TASK_SCHEDULE` (`scheduleJobId`, `jobName`, `jobGroup`, `aliasName`, `jobClass`, `status`, `cronExpression`, `description`, `createTime`, `updateTime`)
VALUES ('a4aa30d39df849648553d9141dc23ace', 'exception', 'test', '测异常任务', 'com.jy.task.job.Test2', '0', '/10 * * * * ?',
        '测试异常任务', '2015-12-24 22:52:57', '2015-12-30 20:10:39');


INSERT INTO `jysystem`.`JY_BASE_RESOURCES` (`id`, `name`, `parentId`, `layer`, `type`, `resUrl`, `btnId`, `btnFun`, `icon`, `sort`, `isValid`, `description`, `createTime`, `updateTime`)
VALUES ('9037c1737a904fc3bf18e0ef7a6b6e05', '接口工具', '08693c30017e4e45acff89d300067269', '2', '1',
                                            '/backstage/tool/interfaceTest/index', '', '', 'icon-resize-small ', '5',
                                            '1', '', '2016-04-09 19:24:49', NULL);
INSERT INTO `jysystem`.`JY_BASE_RESOURCES` (`id`, `name`, `parentId`, `layer`, `type`, `resUrl`, `btnId`, `btnFun`, `icon`, `sort`, `isValid`, `description`, `createTime`, `updateTime`)
VALUES ('8cc0bcbb9bae4ebe81d263de37ef15a6', '二维码处理', '08693c30017e4e45acff89d300067269', '2', '1',
                                            '/backstage/tool/qrCode/index', '', '', 'icon-barcode ', '3', '1', '',
        '2016-04-03 16:24:40', NULL);
INSERT INTO `jysystem`.`JY_BASE_RESOURCES` (`id`, `name`, `parentId`, `layer`, `type`, `resUrl`, `btnId`, `btnFun`, `icon`, `sort`, `isValid`, `description`, `createTime`, `updateTime`)
VALUES ('4021171e506b47c083c77a2b96660031', '上传流程模型', '18756082926f41329e51d74dda3abc80', '2', '2',
                                            '/backstage/workflow/process/uploadModel', 'uploadModel', '',
                                            'icon-cloud-upload ', '1', '1', '', '2016-03-19 18:00:59',
        '2016-03-19 18:01:21');

INSERT INTO `jysystem`.`JY_BASE_ORG_RESOURCES` (`org_Id`, `resources_id`)
VALUES ('1', '9037c1737a904fc3bf18e0ef7a6b6e05');
INSERT INTO `jysystem`.`JY_BASE_ORG_RESOURCES` (`org_Id`, `resources_id`)
VALUES ('4', '9037c1737a904fc3bf18e0ef7a6b6e05');
INSERT INTO `jysystem`.`JY_BASE_ROLE_RESOURCES` (`role_id`, `resources_id`)
VALUES ('4', '9037c1737a904fc3bf18e0ef7a6b6e05');

INSERT INTO `jysystem`.`JY_BASE_ORG_RESOURCES` (`org_Id`, `resources_id`)
VALUES ('1', '8cc0bcbb9bae4ebe81d263de37ef15a6');
INSERT INTO `jysystem`.`JY_BASE_ORG_RESOURCES` (`org_Id`, `resources_id`)
VALUES ('4', '8cc0bcbb9bae4ebe81d263de37ef15a6');
INSERT INTO `jysystem`.`JY_BASE_ROLE_RESOURCES` (`role_id`, `resources_id`)
VALUES ('4', '8cc0bcbb9bae4ebe81d263de37ef15a6');

INSERT INTO `jysystem`.`JY_BASE_ORG_RESOURCES` (`org_Id`, `resources_id`)
VALUES ('1', '4021171e506b47c083c77a2b96660031');
INSERT INTO `jysystem`.`JY_BASE_ORG_RESOURCES` (`org_Id`, `resources_id`)
VALUES ('4', '4021171e506b47c083c77a2b96660031');
INSERT INTO `jysystem`.`JY_BASE_ROLE_RESOURCES` (`role_id`, `resources_id`)
VALUES ('4', '4021171e506b47c083c77a2b96660031');


